"id","cod_incidencia","empresa","ciudad","tipo_incid","estado","municipalidad","causa","areas_afectadas","fec_deteccion","fec_estimada","infor_web","descripcion","tipo_red","diametro","agua","desague","facilityid","cod_sunass","vusuario","fuente","imagen_url","creado_en","actualizado_en"
"125184","M-20260923070642-827","SEDAPAL","Lima y Callao","PROGRAMADA","MANUAL","LA MOLINA","Limpieza de reservorio","Urb. Rinconada alta I etapa; Urb. El Refugio","2026-09-25 13:00:00","2026-09-25 23:50:00","Sector 196","","AGUA","","1","0","","","","MANUAL","uploads/img_20260923070642.jpg","2026-09-23 08:06:42","2026-09-23 08:06:42"
"125178","M-20260923065242-865","SEDAPAL","Lima y Callao","PROGRAMADA","MANUAL","LOS OLIVOS","Limpieza de reservorio","C.H. Carlos Cueto Fernandini 1ra y 2da etapa; Urb. Parque El Naranjal 1ra etapa; Urb. Preví; Urb. Villa del Norte","2026-09-25 12:00:00","2026-09-25 20:00:00","Sector 83","","AGUA","","1","0","","","","MANUAL","uploads/img_20260923065242.jpg","2026-09-23 07:52:42","2026-09-23 07:52:42"
"125177","M-20260923065235-840","SEDAPAL","Lima y Callao","PROGRAMADA","MANUAL","LOS OLIVOS","Limpieza de reservorio","APV Patria Nueva","2026-09-25 12:00:00","2026-09-25 20:00:00","Sector 84","","AGUA","","1","0","","","","MANUAL","uploads/img_20260923065235.jpg","2026-09-23 07:52:35","2026-09-23 07:52:35"
"125179","M-20260923065245-282","SEDAPAL","Lima y Callao","PROGRAMADA","MANUAL","LA MOLINA","Limpieza de reservorio","Urb. Rinconada alta I y II etapa","2026-09-25 08:00:00","2026-09-25 20:00:00","Sector 196","","AGUA","","1","0","","","","MANUAL","uploads/img_20260923065245.jpg","2026-09-23 07:52:45","2026-09-23 07:52:45"
"125168","M-20260922150316-556","SEDAPAL","Lima y Callao","PROGRAMADA","MANUAL","LA MOLINA","Limpieza de reservorio","Conjunto Residencial La Alameda I; Urb. Las Lomas de La Molina Vieja 2da etapa; Mzs. P1, O1, D1, F1, G1, I1, J1, H1, N1, M1, K1 y L1","2026-09-24 14:00:00","2026-09-24 23:50:00","Sector 199","","AGUA","","1","0","","","","MANUAL","uploads/img_20260922150316.jpg","2026-09-22 16:03:16","2026-09-22 16:03:16"
"125169","M-20260922150321-217","SEDAPAL","Lima y Callao","PROGRAMADA","MANUAL","MIRAFLORES","Empalme de tubería","Urb. Miraflores; Av. Arequipa; Av. Angamos Oeste; Calle García Calderón; Calle General Borgoño; Calle Independencia","2026-09-24 12:00:00","2026-09-24 23:00:00","Sector 55","","AGUA","","1","0","","","","MANUAL","uploads/img_20260922150321.jpg","2026-09-22 16:03:21","2026-09-22 16:03:21"
"125166","M-20260922111551-432","SEDAPAL","Lima y Callao","PROGRAMADA","MANUAL","LOS OLIVOS","Limpieza de reservorio","A.H. Laura Caller; A.H. Los Olivos; A.H. San Martín; A.H. San Martín de Porres; APV COVITCOSF; APV Santa Elisa; Asoc. Alameda de Villa Sol; Asoc. Alameda del Naranjal; Coop. Santa Elisa; Urb. Los Naranjos; Urb. Parque El Naranjal II Etapa; Urb. Santa Elisa I y II etapa","2026-09-24 12:00:00","2026-09-24 20:00:00","Sector 84","","AGUA","","1","0","","","","MANUAL","uploads/img_20260922111551.jpg","2026-09-22 12:15:51","2026-09-22 12:15:51"
"125163","M-20260922084355-625","SEDAPAL","Lima y Callao","PROGRAMADA","MANUAL","VILLA MARÍA DEL TRIUNFO","Ejecución de empalmes en las redes secundarias","Av. César Tello; Jr. Túpac Amaru; Av. José Carlos Mariátegui; Área Progreso; Jr. El Carmen; Jr. Víctor Fajardo; Jr. Pedro Valle Medina; Jr. Pedro Tejada; Jr. San Pedro","2026-09-24 10:00:00","2026-09-24 18:00:00","Sectores S- 309, S-310 y S-311","","AGUA","","1","0","","","","MANUAL","uploads/img_20260922084355.jpg","2026-09-22 09:43:55","2026-09-22 09:43:55"
"125165","M-20260922084417-627","SEDAPAL","Lima y Callao","PROGRAMADA","MANUAL","SANTA ANITA","Limpieza de reservorio","Cooperativa Viñas de San Francisco; Urb. Portada de Ceres; Coop. Benjamín Doig; Urb. Productores; Urb. El Asesor I y II; A.H. 29 de enero","2026-09-24 08:00:00","2026-09-24 20:00:00","Sector 166","","AGUA","","1","0","","","","MANUAL","uploads/img_20260922084417.jpg","2026-09-22 09:44:17","2026-09-22 09:44:17"
"125164","M-20260922084402-876","SEDAPAL","Lima y Callao","PROGRAMADA","MANUAL","VILLA EL SALVADOR","Limpieza y desinfección de Reservorio","A.H. La Unión; Sector 7; Grupos 1, 1A, 2, 2A, 3, 3A. Sector 9; Grupo 1. Sector 9; Grupo 2; Mzs. A, B, C, D, E, H, J, K, L, M, N, O, P. Sector 9; Grupo 2; Mzs. F, G, I. Sector 7; Grupo 4. A.H. Edilberto Ramos.; A.H. Sector 9 Grupo 5; Ampliación La Encantada, Collasuyo, San Ignacio de Loyola; A.H. Collasuyo; Ampliac. 3A 7mo, 9no, y 10mo. Sector Grupo 2A, 3A; Oasis 2 Mirador de Villa 200 Millas. Grupo 5 sector 9no.; A.H. El Mirador Mz. A Lote 1; A.H. La Encantada Grupo 1; A.H. 9no Sectores 1 y 3; Oasis de Villa Grupos 1, 2, 3, 4 y 4A; A.H. Edilberto Ramos; A.H. Los Jardines de Pachacámac, Valle de Jesús, Héroes del Cenepa; A,H, Las Palmeras, A.H. Laureles de Villa.","2026-09-24 08:00:00","2026-09-24 20:00:00","Sector 326","","AGUA","","1","0","","","","MANUAL","uploads/img_20260922084402.jpg","2026-09-22 09:44:02","2026-09-22 09:44:02"
"125150","M-20260921072802-932","SEDAPAL","Lima y Callao","PROGRAMADA","MANUAL","LA MOLINA","Limpieza de reservorio","Urb. Las Praderas de La Molina; Urb. Portada del Sol III etapa","2026-09-23 13:00:00","2026-09-23 23:50:00","Sector 199","","AGUA","","1","0","","","","MANUAL","uploads/img_20260921072802.jpg","2026-09-21 08:28:02","2026-09-21 08:28:02"
"125186","M-20260923112957-316","SEDAPAL","Lima y Callao","PROGRAMADA","MANUAL","SANTA ROSA","Limpieza de reservorio","A.H. La Arboleda","2026-09-23 12:00:00","2026-09-23 18:00:00","Sectores 214, 216","","AGUA","","1","0","","","","MANUAL","uploads/img_20260923112957.jpg","2026-09-23 12:29:57","2026-09-23 12:29:57"
"125154","M-20260921111924-458","SEDAPAL","Lima y Callao","PROGRAMADA","MANUAL","CARABAYLLO","Limpieza y desinfección de reservorio","Área comprendida entre limite distrital con Comas; Río Chillón; Av. Parque Zonal; Av. Túpac Amaru; Av. Amador Merino Reyna","2026-09-23 12:00:00","2026-09-23 18:00:00","Sectores 350, 351 y 352","","AGUA","","1","0","","","","MANUAL","uploads/img_20260921111924.jpg","2026-09-21 12:19:24","2026-09-21 12:19:24"
"125153","M-20260921111921-314","SEDAPAL","Lima y Callao","PROGRAMADA","MANUAL","COMAS","Limpieza y desinfección de reservorio","Todo el distrito de Comas; a excepción del área comprendida entre las Avenidas: Gerardo Unger, República de Israel, Micaela Bastidas y Túpac Amaru","2026-09-23 12:00:00","2026-09-23 18:00:00","Sectores 339, 340C, 341A, 342, 343, 344, 345, 346, 347, 348, 349, 350","","AGUA","","1","0","","","","MANUAL","uploads/img_20260921111921.jpg","2026-09-21 12:19:21","2026-09-21 12:19:21"
"125151","M-20260921072809-869","SEDAPAL","Lima y Callao","PROGRAMADA","MANUAL","SAN MARTÍN DE PORRES","Limpieza de reservorio","A.H. 12 de Diciembre; A.H. Los Jazmines de Palao II; A.H. Juan Pablo II; A.H. Lampa de Oro; A.H. Lampa de Oro Ampliación; A.H. Lampa de Oro I y II etapa; A.H. La Milla; A.H. Nuevo Perú; A.H. Manuel Scorza; Asoc. Consuelo G. de Velasco; Asoc. 24 de Junio; Coop. Viv. Urb. Pop. Valdiviezo; Urb. Ingeniería; Urb. 27 de Octubre; Urb. Palao I y II etapa; Urb. Perú; Urb. Valdiviezo.","2026-09-23 12:00:00","2026-09-23 20:00:00","Sector 206","","AGUA","","1","0","","","","MANUAL","uploads/img_20260921072809.jpg","2026-09-21 08:28:10","2026-09-21 08:28:10"
"125185","M-20260923112949-165","SEDAPAL","Lima y Callao","PROGRAMADA","MANUAL","SANTIAGO DE SURCO","Limpieza de reservorio","Asoc. Inmaculada; Asoc. Villa del Reportero Gráfico","2026-09-23 09:17:00","2026-09-23 20:00:00","Sector 298","","AGUA","","1","0","","","","MANUAL","uploads/img_20260923112949.jpg","2026-09-23 12:29:49","2026-09-23 12:29:49"
"125182","M-20260923070531-534","SEDAPAL","Lima y Callao","PROGRAMADA","MANUAL","ATE","Mantenimiento de fuente de pozo","Asoc. Residencial La Estrella","2026-09-23 08:00:00","2026-09-23 23:00:00","Sectores 158, 161, 178","","AGUA","","1","0","","","","MANUAL","uploads/img_20260923070531.jpg","2026-09-23 08:05:31","2026-09-23 08:05:31"
"125149","M-20260921072756-119","SEDAPAL","Lima y Callao","PROGRAMADA","MANUAL","SAN JUAN DE MIRAFLORES","Limpieza de Reservorio","Sector 300 San Juan de Miraflores: PJ. José M. Arguedas, PJ. 5 de Mayo, PJ. Ollantay, A.H. Leoncio Prado, PJ. El Nazareno, A.H. Virgen del Carmen, PJ. Los Ángeles, PJ. 3 de Julio, PJ. 1° de Mayo, PJ. Virgen del Buen Paso, A.H. La Inmaculada, A.H. Antúnez de Mayolo, A.H. 26 de Febrero; Sector 307 Villa María del Triunfo: A.H. Buenos Aires, A.H. Juan Velasco, A.H. Villa Bolívar, A.H. Japón, A.H. Señor de Los Milagros, A.H. Villa Las Casuarinas, A.H. Los Pinos; Sector 308 Villa María del Triunfo: A.H. El Paraíso, A.H. 1ro de Enero, A.H. Las Lomas, A.H. José C. Mariátegui, A.H. Villa Limatambo, A.H. Las Malvinas, A.H. 3 de Mayo, A.H. Caminos de la Hermandad, A.H. Horacio Zevallos, A.H. Brilla el Sol, A.H. Las Américas, A.H. Monte Bektu","2026-09-23 08:00:00","2026-09-23 20:00:00","Sectores 300, 307, 308","","AGUA","","1","0","","","","MANUAL","uploads/img_20260921072756.jpg","2026-09-21 08:27:56","2026-09-21 08:27:56"
"125139","M-20260921064713-419","SEDAPAL","Lima y Callao","PROGRAMADA","MANUAL","LA MOLINA","Limpieza de reservorio","Urb. Las Praderas de La Molina; Urb. Las Colinas de La Molina; Urb. Portada del Sol I y II etapa; Urb. Portada del Sol Aeronáutica","2026-09-23 08:00:00","2026-09-23 20:00:00","Sector 199","","AGUA","","1","0","","","","MANUAL","uploads/img_20260921064713.jpg","2026-09-21 07:47:13","2026-09-21 07:47:13"
"125187","M-20260923113005-410","SEDAPAL","Lima y Callao","IMPREVISTA","MANUAL","SANTIAGO DE SURCO","Baja presión en las redes","Urb. Villa Alegre Cuadrante; Av. Guardia Civil Norte; Calle Luis Dextre; Calle Lino Mendoza; Av. Alcides Vigo","2026-09-23 07:40:00","2026-09-23 14:40:00","Sector 123","","AGUA","","1","0","","","","MANUAL","uploads/img_20260923113005.jpg","2026-09-23 12:30:05","2026-09-23 12:30:05"
"125188","M-20260923113012-821","SEDAPAL","Lima y Callao","IMPREVISTA","MANUAL","SANTIAGO DE SURCO","Baja presión en las redes","Urb. Villa Alegre, Cuadrante: Av. Guardia Civil Norte, Calle Luis Dextre, Calle Lino Mendoza, Av. Alcides Vigo","2026-09-23 07:38:00","2026-09-23 14:40:00","Sector 123","","AGUA","","1","0","","","","MANUAL","uploads/img_20260923113012.jpg","2026-09-23 12:30:12","2026-09-23 12:30:12"
"125180","M-20260923070503-507","SEDAPAL","Lima y Callao","IMPREVISTA","MANUAL","EL AGUSTINO","Reparación en la toma","Urb. La Atarjea","2026-09-23 07:00:00","2026-09-23 15:00:00","Sector 170","","AGUA","","1","0","","","","MANUAL","uploads/img_20260923070503.jpg","2026-09-23 08:05:03","2026-09-23 08:05:03"
"125181","M-20260923070526-454","SEDAPAL","Lima y Callao","PROGRAMADA","MANUAL","ATE","Reparación en la toma","Asoc. Las Begonias; Urb. Los Claveles de Javier Prado; Asoc. Los Olivos; Asoc. Los Rosales; Asoc. Los Jardines de Ate","2026-09-23 06:40:00","2026-09-23 15:00:00","Sector 175","","AGUA","","1","0","","","","MANUAL","uploads/img_20260923070526.jpg","2026-09-23 08:05:26","2026-09-23 08:05:26"
"125189","M-20260923113018-939","SEDAPAL","Lima y Callao","IMPREVISTA","MANUAL","MIRAFLORES","Falla de válvula","Sector 57","2026-09-23 06:00:00","2026-09-23 12:00:00","Sector 57","","AGUA","","1","0","","","","MANUAL","uploads/img_20260923113018.jpg","2026-09-23 12:30:18","2026-09-23 12:30:18"
"125183","M-20260923070634-828","SEDAPAL","Lima y Callao","PROGRAMADA","MANUAL","ATE","Mantenimiento de fuente de pozo","Asoc. Residencial La Estrella","2026-09-23 05:26:00","2026-09-23 23:00:00","Sectores 158, 161, 178","","AGUA","","1","0","","","","MANUAL","uploads/img_20260923070634.jpg","2026-09-23 08:06:34","2026-09-23 08:06:34"
"125175","M-20260923060207-975","SEDAPAL","Lima y Callao","IMPREVISTA","MANUAL","SANTIAGO DE SURCO","Reparación de rotura de tubería","Urb. Resid. Honor y Lealtad; Cuadrante: Jr. Ketín Vidal, Calle Dextre, Jr. Alcides Vigo Hurtado","2026-09-22 19:00:00","2026-09-23 02:00:00","Sector 123","","AGUA","","1","0","","","","MANUAL","uploads/img_20260923060207.jpg","2026-09-23 07:02:07","2026-09-23 07:02:07"
"125176","M-20260923060218-265","SEDAPAL","Lima y Callao","IMPREVISTA","MANUAL","SANTIAGO DE SURCO","Reparación de rotura de tubería","Urb. Resid. Honor y Leadad; Cuadrante: Jr. Ketín Vidal, Calle Dextre, Jr. Alcides Vigo Hurtado","2026-09-22 18:49:00","2026-09-22 23:55:00","Sector 123","","AGUA","","1","0","","","","MANUAL","uploads/img_20260923060218.jpg","2026-09-23 07:02:18","2026-09-23 07:02:18"
"125174","M-20260922200204-713","SEDAPAL","Lima y Callao","IMPREVISTA","MANUAL","LA MOLINA","Reparación en la toma","Urb. Los Girasoles de La Molina","2026-09-22 16:50:00","2026-09-22 23:50:00","Sector 199","","AGUA","","1","0","","","","MANUAL","uploads/img_20260922200204.jpg","2026-09-22 21:02:04","2026-09-22 21:02:04"
"125171","M-20260922175006-417","SEDAPAL","Lima y Callao","IMPREVISTA","MANUAL","VILLA EL SALVADOR","Afectación por tercero","Cercado; Cuadrante: Av. Separadora Industrial, Av. 1ro de Mayo, Av. Central, Av. Mateo Pumacahua","2026-09-22 16:00:00","2026-09-22 23:00:00","Sector 317","","AGUA","","1","0","","","","MANUAL","uploads/img_20260922175006.jpg","2026-09-22 18:50:06","2026-09-22 18:50:06"
"125172","M-20260922175022-657","SEDAPAL","Lima y Callao","IMPREVISTA","MANUAL","LURÍN","Fuga en toma de conexión","A.H. San José; Av. Lima; Av. Los Cipreses; Zona Arqueológica","2026-09-22 14:00:00","2026-09-22 20:00:00","Sector 450","","AGUA","","1","0","","","","MANUAL","uploads/img_20260922175022.jpg","2026-09-22 18:50:22","2026-09-22 18:50:22"
"125133","M-20260920074041-986","SEDAPAL","Lima y Callao","PROGRAMADA","MANUAL","ATE","Limpieza de reservorio","Asoc. Vivienda El Milagro de Mayo; A.H. El Amauta zona B; Mzs. A, B, C, D, E, F, G, H, I; A.H. Nuevo Amanecer","2026-09-22 13:00:00","2026-09-22 23:50:00","Sector 176","","AGUA","","1","0","","","","MANUAL","uploads/img_20260920074041.jpg","2026-09-20 08:40:41","2026-09-20 08:40:41"
"125173","M-20260922175036-404","SEDAPAL","Lima y Callao","IMPREVISTA","MANUAL","RÍMAC","Rotura de tubería matriz","Cercado; U. V. del Rimac; Urb. Leoncio Prado; P.J. Huerta Santa Rosa; Urb. Ventura Rossi","2026-09-22 12:50:00","2026-09-22 20:00:00","Sector 201","","AGUA","","1","0","","","","MANUAL","uploads/img_20260922175036.jpg","2026-09-22 18:50:36","2026-09-22 18:50:36"
"125132","M-20260920073846-564","SEDAPAL","Lima y Callao","PROGRAMADA","MANUAL","MIRAFLORES","Ejecución de empalme","Urb. San Antonio; Cuadrante: Av. República de Panamá, Av. 28 de Julio, Calle Ramón Ribeyro, Av. Alfredo Benavides","2026-09-22 12:00:00","2026-09-22 23:00:00","Sector 57","","AGUA","","1","0","","","","MANUAL","uploads/img_20260920073846.jpg","2026-09-20 08:38:46","2026-09-20 08:38:46"
"125131","M-20260920073820-906","SEDAPAL","Lima y Callao","PROGRAMADA","MANUAL","MIRAFLORES","Empalme de tubería","Urb. San Antonio","2026-09-22 12:00:00","2026-09-22 23:00:00","Sector 57","","AGUA","","1","0","","","","MANUAL","uploads/img_20260920073820.jpg","2026-09-20 08:38:20","2026-09-20 08:38:20"
"125130","M-20260920073618-707","SEDAPAL","Lima y Callao","PROGRAMADA","MANUAL","SAN BORJA","Ejecución de empalme","Urb. Cópac; Urb. Las Magnolias; Urb. San Borja; Urb. San Borja Sur; Cuadrante: Av. De Las Artes Sur, Av. San Borja Sur, Jr. Frederic Remington, Av. José Barrenechea, Ca. Mercator, Jr. Von Leonard, Jr. Alberto Barajas","2026-09-22 12:00:00","2026-09-22 23:00:00","Sector 67","","AGUA","","1","0","","","","MANUAL","uploads/img_20260920073618.jpg","2026-09-20 08:36:18","2026-09-20 08:36:18"
"125128","M-20260920073207-787","SEDAPAL","Lima y Callao","PROGRAMADA","MANUAL","INDEPENDENCIA","Limpieza de reservorio","A.H. 5 de Abril; A.H. Luis Pardo; A.H. Leoncio Prado; A.H. Rumi Nawi; U. Pop. Tahuantinsuyo","2026-09-22 12:00:00","2026-09-22 20:00:00","Sector 336","","AGUA","","1","0","","","","MANUAL","uploads/img_20260920073207.jpg","2026-09-20 08:32:07","2026-09-20 08:32:07"
"125167","M-20260922150310-720","SEDAPAL","Lima y Callao","IMPREVISTA","MANUAL","BREÑA","Reparación de rotura de tubería","C.R. Breña; Cercado; Urb. Azcona; Urb. Chacra Colorada; Cuadrante: Av. Arica, Av. Bolivia, General Varela, Jirón Restauración, Jirón Aguarico","2026-09-22 11:15:00","2026-09-22 22:00:00","Sector 15","","AGUA","","1","0","","","","MANUAL","uploads/img_20260922150310.jpg","2026-09-22 16:03:10","2026-09-22 16:03:10"
"125170","M-20260922150353-364","SEDAPAL","Lima y Callao","IMPREVISTA","MANUAL","BREÑA","Reparación de rotura de tubería","C.R. Breña;Cercado;Urb. Azcona;Urb. Chacra Colorada","2026-09-22 10:48:00","2026-09-22 22:00:00","Sector 15","","AGUA","","1","0","","","","MANUAL","uploads/img_20260922150353.jpg","2026-09-22 16:03:53","2026-09-22 16:03:53"
"125129","M-20260920073212-759","SEDAPAL","Lima y Callao","PROGRAMADA","MANUAL","SAN JUAN DE LURIGANCHO","Limpieza de reservorio","A.H. Pueblos Unid Sect Sr de Muruhuay; AF Cristo de Pachacamilla; A.H. San José Obrero; A.H. San José Obrero Ampl.; Agru. Pueblos Hermanos de Mayobamba; Agru. Alejandro Toledo; Agru. Unidos al Desarrollo; A.H. P.I. Nueva Alianza Sector Cerrito Alegre; A.H. P.I. Nueva Alianza Sector Alberto Fujimori II; A.H. Los Libertadores Sector Los Ángeles; A.H. P.I. Nueva Alianza Sector Juan Landázuri Ricketts; Asoc. Monte de Sión; A.H. P.I. Nueva Alianza Sector Los Ángeles II; A.H. Ciudad de Los Constructores Ampl.; AF Villa Maestro CE Jesús Obrero; A.H. San José Obrero Mariscal Cáceres","2026-09-22 10:00:00","2026-09-22 23:00:00","Sector 421","","AGUA","","1","0","","","","MANUAL","uploads/img_20260920073212.jpg","2026-09-20 08:32:12","2026-09-20 08:32:12"
"125162","M-20260922084349-373","SEDAPAL","Lima y Callao","PROGRAMADA","MANUAL","ATE","Mantenimiento de fuente de pozo","Asoc. Residencial La Estrella","2026-09-22 08:00:00","2026-09-22 18:30:00","Sectores 158, 161, 178","","AGUA","","1","0","","","","MANUAL","uploads/img_20260922084349.jpg","2026-09-22 09:43:49","2026-09-22 09:43:49"
"125127","M-20260920072620-629","SEDAPAL","Lima y Callao","PROGRAMADA","MANUAL","ATE","Limpieza de reservorio","Asoc. Viv. EL Milagro de Mayo; A.H. Nuevo Amanecer; Asoc. Jesús de Nazareth; A.H. Amauta zona B","2026-09-22 08:00:00","2026-09-22 20:00:00","Sector 176","","AGUA","","1","0","","","","MANUAL","uploads/img_20260920072620.jpg","2026-09-20 08:26:20","2026-09-20 08:26:20"
"125126","M-20260920072617-716","SEDAPAL","Lima y Callao","PROGRAMADA","MANUAL","VILLA MARÍA DEL TRIUNFO","Limpieza de Reservorio","A.H. José C. Mariátegui 1ra, 3ra y 7ma etapa; P.J. Vallecito Bajo; A.H. 30 de Agosto; A.H. Santa Rosa de Belén; San Gabriel Bajo Mzs. A, B, D, H, I, J, K, L, M, N, O, P, Q, R, S, M2, C3, D3, E3; Ampliación Vista Alegre; A.H. Garcilaso de la Vega; Ampliación 1ro de Mayo (Pilón); P.J. Arenal Alto; Cercado Villa María del Triunfo (Parte Alta) Mz. F17, G17, F18, G18, I18, J18A, H19, I19, J19, H20, I20; Asoc. Central Unificada Mzs. F17A, F17B, G18, G19, K18, K18A, K19, J20; A.H. Arenal Alto; A.H. El Chasqui; Ampliación Sector Centenario; Comité 32B Mzs. U5K, U5L, U5M; Comité Vecinal 15; A.H. San Isidro Labrador","2026-09-22 08:00:00","2026-09-22 20:00:00","Sectores 309, 310","","AGUA","","1","0","","","","MANUAL","uploads/img_20260920072617.jpg","2026-09-20 08:26:17","2026-09-20 08:26:17"
"125125","M-20260920072611-971","SEDAPAL","Lima y Callao","PROGRAMADA","MANUAL","VILLA MARÍA DEL TRIUNFO","Limpieza de Reservorio","Sector 310 Zona de Presión N° 01: Mzs. D3, E1, E2, E3, E4; Zona de Presión N° 02: Mzs. A, A', A1, B, B1, C, C1, D, D1, D2, H, I, G, K6, K6', K6B, K6H, K6G, K6J, K6L, K6K, K6P, K6F, K6M, K6N, K6Q, K6O, K6X, K6X1, K6X2, K6R, R1, R2, X3, T3, X4, T4B; Zona de Presión N° 03: Mzs. A, B, C, C1, D, E, E1, F, H, H1, H2, K1, K'1, K2, K3, K4, K5, K7', K6M, W1, W2, W3, Z1 al Z7, R3, R4, T1, T2, T4A X1, X2, X5; Zona de Presión N° 04: Mzs. X, X6, Y1 al Y4","2026-09-22 08:00:00","2026-09-22 20:00:00","Sectores 309, 310","","AGUA","","1","0","","","","MANUAL","uploads/img_20260920072611.jpg","2026-09-20 08:26:11","2026-09-20 08:26:11"
"125161","M-20260922071811-224","SEDAPAL","Lima y Callao","PROGRAMADA","MANUAL","ATE","Mantenimiento de fuente de pozo","Asoc. Residencial La Estrella","2026-09-22 06:27:00","2026-09-22 23:00:00","Sectores 158, 161, 178","","AGUA","","1","0","","","","MANUAL","uploads/img_20260922071811.jpg","2026-09-22 08:18:11","2026-09-22 08:18:11"
"125159","M-20260922071746-837","SEDAPAL","Lima y Callao","IMPREVISTA","MANUAL","SAN JUAN DE LURIGANCHO","Rotura de tubería matriz","Urb. Mariscal Cáceres","2026-09-22 06:19:00","2026-09-22 12:00:00","Sectores 417, 422","","AGUA","","1","0","","","","MANUAL","uploads/img_20260922071746.jpg","2026-09-22 08:17:46","2026-09-22 08:17:46"
"125160","M-20260922071751-364","SEDAPAL","Lima y Callao","PROGRAMADA","MANUAL","CHACLACAYO","Montaje y desmontaje en el pozo","Sectores 157; 158; 161; 178","2026-09-22 05:56:00","2026-09-22 23:00:00","Sectores 157, 158, 161, 178","","AGUA","","1","0","","","","MANUAL","uploads/img_20260922071751.jpg","2026-09-22 08:17:51","2026-09-22 08:17:51"
"125158","M-20260922062453-349","SEDAPAL","Lima y Callao","IMPREVISTA","MANUAL","SAN JUAN DE MIRAFLORES","Reparación de rotura de tubería","Urb. San Juan","2026-09-21 19:29:00","2026-09-21 23:59:00","Sector 304","","AGUA","","1","0","","","","MANUAL","uploads/img_20260922062453.jpg","2026-09-22 07:24:53","2026-09-22 07:24:53"
"125156","M-20260921181306-861","SEDAPAL","Lima y Callao","IMPREVISTA","MANUAL","SURQUILLO","Rotura de tubería matriz","A.H. Casa Huertas; Cuadrante: Av. Angamos, Jr. San Fernando, Av. República de Panamá","2026-09-21 16:05:00","2026-09-21 23:55:00","Sector 58","","AGUA","","1","0","","","","MANUAL","uploads/img_20260921181306.jpg","2026-09-21 19:13:06","2026-09-21 19:13:06"
"125157","M-20260921181310-321","SEDAPAL","Lima y Callao","IMPREVISTA","MANUAL","SURQUILLO","Rotura de tubería matriz","A.H. Casa Huertas; Cuadrante: Av. Angamos, Jr. San Fernando, Av. República de Panamá","2026-09-21 15:53:00","2026-09-21 23:55:00","Sector 58","","AGUA","","1","0","","","","MANUAL","uploads/img_20260921181310.jpg","2026-09-21 19:13:10","2026-09-21 19:13:10"
"125155","M-20260921161948-512","SEDAPAL","Lima y Callao","PROGRAMADA","MANUAL","SAN MARTIN DE PORRES","Trabajos de mantenimiento en las redes","Urb. Ingeniería","2026-09-21 14:02:00","2026-09-21 22:00:00","Sector 204","","AGUA","","1","0","","","","MANUAL","uploads/img_20260921161948.jpg","2026-09-21 17:19:48","2026-09-21 17:19:48"
"125105","M-20260919141045-962","SEDAPAL","Lima y Callao","PROGRAMADA","MANUAL","SAN MARTÍN DE PORRES","Limpieza de Reservorio","P.V. Residencial El Buen Jesús; P.V. Rivera Azul; P.V. La Perla II etapa; Asoc. Comerciantes El Horizonte de San Diego; APV Manta María; AP Santa Teresa de Chuquitanta; P.V. Los Portales de Bethel; AP Los Pinos; P.V. Valle Azul de San Diego I y II etapa; P.V. Los Nogales de San Diego I, II y III etapa; P.V. Villa Horizonte; Urb. Casablanca; P.V. Atlanta; P.V. San Valentín; P.V. El Bosque II etapa; APV Las Torres del Norte; Asoc. Propietarios Los Pinos de Chuquitanta; P.V. La Perla; P.V. Santa Leonora; P.V. Las Flores de Chuquitanta; P.V. El Trébol; P.V. Residencial Las Lomas; P.V. El Mirador; A.H. Virgen de la Merced; Asoc. Pobladores Virgen de las Mercedes; P.V. Virgen de Cocharcas I etapa; P.V. La Florida I etapa; Programa Resid. Las Margaritas; P.V. La Planicie; P.V. Los Reyes; P.V. La Virreina; P.V. Corazón de Jesús; P.V. Real Madrid; Av. Villa Victoria; P.V. Residencial El Rosal II; Asoc. Propietarios San Miguel Arcángel; P.V. Villa Juanita","2026-09-21 12:00:00","2026-09-21 20:00:00","Sector 253","","AGUA","","1","0","","","","MANUAL","uploads/img_20260919141045.jpg","2026-09-19 15:10:45","2026-09-19 15:10:45"
"125104","M-20260919141039-479","SEDAPAL","Lima y Callao","PROGRAMADA","MANUAL","SAN JUAN DE LURIGANCHO","Limpieza de reservorio","Asoc. La Praderas de Santa María; A.H. Lomas de Santa María; Agru. Los Portales de Santa María; Agru. Nueva Alianza de Santa María; A.H. Santa María Parcela 3 Sector Nueva Alianza; Agru. Las Vegas de Santa María; Agru. El Ayllu de Santa Rosa; AF Santa Rosa; A.H. CMC Ampl. Santa María Parcela I; A.H. 1ro de Agosto; A.H. 1ro de Agosto Ampliac; Agru. Nuevo Milenio; A.H. Prolg Santa María Parcela II Sector Ampl.; AF San Juan Bautista de Santa María; A.H. Santa María Parcela 3 Sector Nueva Alianza; A.H. Parcela II Santa María; A.H. Santa María Ampl. Parcela 5 Sector G3A","2026-09-21 12:00:00","2026-09-21 21:00:00","Sector 420","","AGUA","","1","0","","","","MANUAL","uploads/img_20260919141039.jpg","2026-09-19 15:10:39","2026-09-19 15:10:39"
"125103","M-20260919141034-595","SEDAPAL","Lima y Callao","PROGRAMADA","MANUAL","ATE","Limpieza de reservorio","A.H. María Jesús Espinoza; A.H. Señor de Muruhuay; Asoc. Viv. Evangelista Pentecostal; Asoc. Viv. Alto Monterrey","2026-09-21 12:00:00","2026-09-21 23:00:00","Sector 176","","AGUA","","1","0","","","","MANUAL","uploads/img_20260919141034.jpg","2026-09-19 15:10:34","2026-09-19 15:10:34"
"125102","M-20260919141026-456","SEDAPAL","Lima y Callao","PROGRAMADA","MANUAL","ATE","Limpieza de reservorio","A.H. María Jesús Espinoza; A.H. Monterrey zona ""A""; A.H. Monterrey zona ""B""","2026-09-21 12:00:00","2026-09-21 23:00:00","Sector 176","","AGUA","","1","0","","","","MANUAL","uploads/img_20260919141026.jpg","2026-09-19 15:10:26","2026-09-19 15:10:26"
"125152","M-20260921111914-306","SEDAPAL","Lima y Callao","PROGRAMADA","MANUAL","SAN JUAN DE LURIGANCHO","Limpieza de Reservorio","A.H. Pueblos Unidos; Señor de Muruhuay; AF Cristo de Pachacámilla; A.H. San José Obrero; A.H. San José Obrero Ampliación; Agrup. Pueblos Hermanos de Mayobamba; Agrup. Alejandro Toledo; Agrup. Unidos al Desarrollo; A.H. PI Sector Nueva Alianza; Cerrito Alegre; A.H. P.I. Sector Nueva Alianza; Alberto Fujimori II; A.H. Sector Los Libertadores Los Ángeles; A.H. PI Sector Nueva Alianza; Juan Landázuri Ricketts; Asoc. Monte de Sión; A.H. PI Sector Nueva Alianza; Los Ángeles II; A.H. Ciudad de los Constructores Ampliación; AF Villa Maestro de Jesús Obrero; A.H. San José Obrero Mariscal Cáceres","2026-09-21 10:00:00","2026-09-21 21:00:00","Sector 421","","AGUA","","1","0","","","","MANUAL","uploads/img_20260921111914.jpg","2026-09-21 12:19:14","2026-09-21 12:19:14"
"125109","M-20260919141107-743","SEDAPAL","Lima y Callao","PROGRAMADA","MANUAL","PUEBLO LIBRE","Empalme de tubería","Cercado; Cuadrante: Av. Sucre; Calle Rosa Toledo; Av. San Martin; Av. Dulanto; Jirón Carlos de los Heros; Calle Nicolás Alcázar; Av. Brasil; Av. La Marina.","2026-09-21 10:00:00","2026-09-21 22:00:00","Sector 30","","AGUA","","1","0","","","","MANUAL","uploads/img_20260919141107.jpg","2026-09-19 15:11:07","2026-09-19 15:11:07"
"125108","M-20260919141101-616","SEDAPAL","Lima y Callao","PROGRAMADA","MANUAL","PUEBLO LIBRE","Trabajos de empalme de tuberías","Cercado; Urb. Cercado; Urb. Sanidad PNP; Urb. Oyague; Cuadrante: Av. Sucre, Calle Rosa Toledo, Av. San Martin, Av. Dulanto, Jirón Carlos de los Heros, Calle Nicolás Alcázar, Av. Brasil, Av. La Marina y todas las calles interiores a este cuadrante","2026-09-21 10:00:00","2026-09-21 22:00:00","Sector 30","","AGUA","","1","0","","","","MANUAL","uploads/img_20260919141101.jpg","2026-09-19 15:11:01","2026-09-19 15:11:01"
"125106","M-20260919141049-944","SEDAPAL","Lima y Callao","PROGRAMADA","MANUAL","PUEBLO LIBRE","Ejecución de empalme","Cercado; Urb. Cercado; Urb. Sanidad PNP; Urb. Oyague; Cuadrante: Av. Sucre; Calle Rosa Toledo; Av. San Martin; Av. Dulanto; Jirón Carlos de los Heros; Calle Nicolás Alcázar; Av. Brasil; Av. La Marina","2026-09-21 10:00:00","2026-09-21 22:00:00","Sector 30","","AGUA","","1","0","","","","MANUAL","uploads/img_20260919141049.jpg","2026-09-19 15:10:49","2026-09-19 15:10:49"
"125112","M-20260919141122-944","SEDAPAL","Lima y Callao","PROGRAMADA","MANUAL","SAN JUAN DE LURIGANCHO","Limpieza de reservorio","Asoc. La Praderas de Santa María; A.H. Lomas de Santa María; Agru. Los Portales de Santa María; Agru. Nueva Alianza de Santa María; A.H. Santa María Parcela 3 Sector Nueva Alianza; Agru. Las Vegas de Santa María; Agru. El Ayllu de Santa Rosa; AF Santa Rosa; A.H. CMC Ampl. Santa María Parcela I; A.H. 1ro de Agosto; A.H. 1ro de Agosto Ampliac; Agru. Nuevo Milenio; A.H. Prolg Santa María Parcela II Sector Ampl.; AF San Juan Bautista de Santa María; A.H. Santa María Parcela 3 Sector Nueva Alianza; A.H. Parcela II Santa María; A.H. Santa María Ampl. Parcela 5 Sector G3A","2026-09-21 08:00:00","2026-09-21 21:00:00","Sector 420","","AGUA","","1","0","","","","MANUAL","uploads/img_20260919141122.jpg","2026-09-19 15:11:22","2026-09-19 15:11:22"
"125111","M-20260919141118-418","SEDAPAL","Lima y Callao","PROGRAMADA","MANUAL","ATE","Limpieza de reservorio","Asoc. Los Triunfadores; Asoc. Paraíso de Amauta; A.H. Amauta zona B","2026-09-21 08:00:00","2026-09-21 20:00:00","Sector 176","","AGUA","","1","0","","","","MANUAL","uploads/img_20260919141118.jpg","2026-09-19 15:11:18","2026-09-19 15:11:18"
"125107","M-20260919141055-551","SEDAPAL","Lima y Callao","PROGRAMADA","MANUAL","VILLA MARÍA DEL TRIUNFO","Limpieza y desinfección de Reservorio","P.J. San Gabriel Sector Vallecito Alto; A.H. Las Rocas de La Paz; A.H. El Paraíso Mz. G1 y H1; Asoc. de Viv. La Granja; A.H. Los Alamos; A.H. Las Lomas; A.H. El Mirador del Paraíso I y II; A.H. Villa del Paraíso; A.H. Virgen de Guadalupe; A.H. Señor de los Milagros del Paraíso; A.H. Ampl. del Paraíso; A.H. Fortaleza del Paraíso; A.H. Jardines del Paraíso; A.H. Sector Las Cumbres del Paraíso; A.H. Las Flores del Paraíso; A.H. Los Angeles Mz. A y B; Quebrada Alta del Paraíso; A.H. 13 de Junio; A.H. Virgen de Chapi Mz. A y B; A.H. Nueva Generación del Paraíso Alto; P.I. Paraíso Alto; A.H. Virgen de Las Mercedes; A.H. Nuevo Paraíso; A.H. Edén del Mañantial; A.H. Los Angeles; A.H. Bellavista del Paraíso Alto.","2026-09-21 08:00:00","2026-09-21 20:00:00","Sector 308","","AGUA","","1","0","","","","MANUAL","uploads/img_20260919141055.jpg","2026-09-19 15:10:55","2026-09-19 15:10:55"
"125148","M-20260921072749-841","SEDAPAL","Lima y Callao","IMPREVISTA","MANUAL","PUNTA HERMOSA","Rotura de tubería matriz","Urb. El Silencio; Sectores 468, 500 y 501","2026-09-21 06:10:00","2026-09-21 15:00:00","Sectores 468, 500 y 501","","AGUA","","1","0","","","","MANUAL","uploads/img_20260921072749.jpg","2026-09-21 08:27:49","2026-09-21 08:27:49"
"125147","M-20260921072745-809","SEDAPAL","Lima y Callao","PROGRAMADA","MANUAL","ATE","Mantenimiento de fuente de pozo","Sectores 158; 161; 178","2026-09-21 06:00:00","2026-09-21 23:55:00","Sectores 158, 161, 178","","AGUA","","1","0","","","","MANUAL","uploads/img_20260921072745.jpg","2026-09-21 08:27:45","2026-09-21 08:27:45"
"125093","M-20260918101817-623","SEDAPAL","Lima y Callao","PROGRAMADA","MANUAL","ATE","Limpieza de reservorio","Asoc. Señor de Muruhuay; Asoc. Los Triunfadores; Asoc. El Paraíso; A.H. Señor de los Milagros","2026-09-20 11:00:00","2026-09-20 23:00:00","Sector 176","","AGUA","","1","0","","","","MANUAL","uploads/img_20260918101817.jpg","2026-09-18 11:18:17","2026-09-18 11:18:17"
"125135","M-20260920184211-730","SEDAPAL","Lima y Callao","IMPREVISTA","MANUAL","LA MOLINA","Rotura de tubería matriz","Urb. Camacho; A.H. Matazango","2026-09-20 08:45:00","2026-09-20 20:45:00","Sector 191","","AGUA","","1","0","","","","MANUAL","uploads/img_20260920184211.jpg","2026-09-20 19:42:11","2026-09-20 19:42:11"
"125136","M-20260920184215-704","SEDAPAL","Lima y Callao","IMPREVISTA","MANUAL","VILLA MARÍA DEL TRIUNFO","Baja presión en las redes","P.J. Virgen de Lourdes; P.J. Nueva Esperanza","2026-09-20 06:39:00","2026-09-20 12:00:00","Sector 312","","AGUA","","1","0","","","","MANUAL","uploads/img_20260920184215.jpg","2026-09-20 19:42:15","2026-09-20 19:42:15"
"125138","M-20260921055645-134","SEDAPAL","Lima y Callao","IMPREVISTA","MANUAL","SAN JUAN DE LURIGANCHO","Rotura de tubería matriz","Urb. Zárate","2026-09-20 06:15:00","2026-09-20 22:00:00","Sector 402","","AGUA","","1","0","","","","MANUAL","uploads/img_20260921055645.jpg","2026-09-21 06:56:45","2026-09-21 06:56:45"
"125137","M-20260920184217-122","SEDAPAL","Lima y Callao","IMPREVISTA","MANUAL","SAN JUAN DE LURIGANCHO","Rotura de tubería matriz","Urb. Zárate","2026-09-20 06:15:00","2026-09-20 12:00:00","Sector 402","","AGUA","","1","0","","","","MANUAL","uploads/img_20260920184217.jpg","2026-09-20 19:42:17","2026-09-20 19:42:17"
"125134","M-20260920184207-961","SEDAPAL","Lima y Callao","IMPREVISTA","MANUAL","SAN JUAN DE LURIGANCHO","Rotura de tubería matriz","Urb. Zárate","2026-09-20 06:15:00","2026-09-20 20:00:00","Sector 402","","AGUA","","1","0","","","","MANUAL","uploads/img_20260920184207.jpg","2026-09-20 19:42:07","2026-09-20 19:42:07"
"125117","M-20260920062141-934","SEDAPAL","Lima y Callao","IMPREVISTA","MANUAL","VILLA MARÍA DEL TRIUNFO","Baja presión en las redes","P.J. Virgen de Lourdes; P.J. Nueva Esperanza","2026-09-20 00:12:00","2026-09-20 06:00:00","Sector 312","","AGUA","","1","0","","","","MANUAL","uploads/img_20260920062141.jpg","2026-09-20 07:21:41","2026-09-20 07:21:41"
"125115","M-20260920062132-718","SEDAPAL","Lima y Callao","IMPREVISTA","MANUAL","CALLAO","Reparación de rotura de tubería","Urb. Tarapacá; U.V. Pedro Ruiz Gallo","2026-09-19 22:18:00","2026-09-20 01:00:00","Sector 102","","AGUA","","1","0","","","","MANUAL","uploads/img_20260920062132.jpg","2026-09-20 07:21:32","2026-09-20 07:21:32"
"125116","M-20260920062137-461","SEDAPAL","Lima y Callao","IMPREVISTA","MANUAL","SAN ISIDRO","Rotura de conexión","Urb. Residencial Santa Cruz","2026-09-19 18:30:00","2026-09-20 02:00:00","Sector 50","","AGUA","","1","0","","","","MANUAL","uploads/img_20260920062137.jpg","2026-09-20 07:21:37","2026-09-20 07:21:37"
"125120","M-20260920062203-999","SEDAPAL","Lima y Callao","IMPREVISTA","MANUAL","SAN ISIDRO","Reparación de rotura de tubería","Urb. Residencial Santa Cruz","2026-09-19 18:28:00","2026-09-19 23:00:00","Sector 50","","AGUA","","1","0","","","","MANUAL","uploads/img_20260920062203.jpg","2026-09-20 07:22:03","2026-09-20 07:22:03"
"125119","M-20260920062159-840","SEDAPAL","Lima y Callao","IMPREVISTA","MANUAL","SAN ISIDRO","Reparación de rotura de tubería","Urb. Residencial Santa Cruz","2026-09-19 18:28:00","2026-09-20 02:00:00","Sector 50","","AGUA","","1","0","","","","MANUAL","uploads/img_20260920062159.jpg","2026-09-20 07:21:59","2026-09-20 07:21:59"
"125123","M-20260920062219-378","SEDAPAL","Lima y Callao","IMPREVISTA","MANUAL","LIMA CERCADO","Reparación de rotura de tubería","Urb. Pando 3ra etapa; C.H. Palomino; P.J. Los Sauces; Urb. AVEP II etapa; Urb. Palomino; A.H. Luis Pardo; Urb. Las Brisas II etapa; Cuadrante: Av. Venezuela, Av. La Alborada, Av. Alejandro Bertello, Jirón Santa Francisca, Av. Santa Bernardita","2026-09-19 16:50:00","2026-09-20 04:00:00","Sector 41","","AGUA","","1","0","","","","MANUAL","uploads/img_20260920062219.jpg","2026-09-20 07:22:19","2026-09-20 07:22:19"
"125121","M-20260920062208-200","SEDAPAL","Lima y Callao","IMPREVISTA","MANUAL","VILLA MARÍA DEL TRIUNFO","Baja presión en las redes","A.H. Nueva Esperanza Comité A1; P.J. Nueva Esperanza","2026-09-19 16:20:00","2026-09-19 20:00:00","Sector 312","","AGUA","","1","0","","","","MANUAL","uploads/img_20260920062208.jpg","2026-09-20 07:22:08","2026-09-20 07:22:08"
"125124","M-20260920062225-221","SEDAPAL","Lima y Callao","IMPREVISTA","MANUAL","LIMA CERCADO","Reparación de rotura de tubería","C.H. Palomino; Cuadrante: Av. Venezuela, Av. La Alborada, Av. Alejandro Bertello, Jirón Santa Francisca, Av. Santa Bernardita","2026-09-19 16:15:00","2026-09-20 04:00:00","Sector 41","","AGUA","","1","0","","","","MANUAL","uploads/img_20260920062225.jpg","2026-09-20 07:22:25","2026-09-20 07:22:25"
"125118","M-20260920062147-869","SEDAPAL","Lima y Callao","IMPREVISTA","MANUAL","LURIGANCHO","Afectación por tercero","Coop. Comunidad Campesina Las Viñas de Media Luna; A.H. Casa Huerta La Campiña Sector A; A.H. Casa Huerta La Campiña Sector B; Asoc. Nuevo Paraíso de Nivería; Asoc. Violeta Correa de Belaúnde - ECNC.","2026-09-19 14:30:00","2026-09-19 23:55:00","Sector 132","","AGUA","","1","0","","","","MANUAL","uploads/img_20260920062147.jpg","2026-09-20 07:21:47","2026-09-20 07:21:47"
"125076","M-20260917091833-606","SEDAPAL","Lima y Callao","PROGRAMADA","MANUAL","ATE","Limpieza de reservorio","A.H. Los Alisos de Amauta Mzs. K1, K2, K3, K4, K5; Mzs. V1, V2, V3; Mzs. Y, Z; Mzs. A1, A2, A3; Mzs. B1,B2; Mzs. C1, D1, E1; Mzs. F1, F2; Mzs. H1, H2; Mz. I; Mzs. J1, J2.","2026-09-19 13:00:00","2026-09-19 23:50:00","Sector 176","","AGUA","","1","0","","","","MANUAL","uploads/img_20260917091833.jpg","2026-09-17 10:18:33","2026-09-17 10:18:33"
"125078","M-20260917091844-880","SEDAPAL","Lima y Callao","PROGRAMADA","MANUAL","INDEPENDENCIA","Limpieza de reservorio","A.H. 5 de Abril; A.H. 12 de Febrero; A.H. 12 de Febrero II etapa Ampliación; A.H. 27 de Marzo Ampliación; A.H. 27 de Marzo; A.H. Leoncio Prado Ampliación; A.H. Leoncio Prado; A.H. Señor de los Milagros; A.H. Valle Cruz de Mayo; A.H. Valle Sagrado de los Incas II etapa; A.H. Valle Sagrado de los Incas III etapa; A.H. Valle Young; P.J. Carmen Alto; U. Pop. Tahuantinsuyo","2026-09-19 12:00:00","2026-09-19 20:00:00","Sector 336","","AGUA","","1","0","","","","MANUAL","uploads/img_20260917091844.jpg","2026-09-17 10:18:44","2026-09-17 10:18:44"
"125077","M-20260917091839-673","SEDAPAL","Lima y Callao","PROGRAMADA","MANUAL","INDEPENDENCIA","Limpieza de reservorio","A.H. 18 de Enero; A.H. 12 de Febrero; A.H. 20 de Octubre; A.H. 19 de Setiembre; A.H. Valle Hermoso de los Incas; A.H. Valle Sagrado de los Incas II etapa; U. Pop. Tahuantinsuyo","2026-09-19 12:00:00","2026-09-19 20:00:00","Sector 336","","AGUA","","1","0","","","","MANUAL","uploads/img_20260917091839.jpg","2026-09-17 10:18:39","2026-09-17 10:18:39"
"125113","M-20260919190614-386","SEDAPAL","Lima y Callao","IMPREVISTA","MANUAL","PUENTE PIEDRA","Atoro de colector","Asoc. de Prop. Casa Huerta San Pedro","2026-09-19 10:30:00","2026-09-19 17:30:00","Sectores 361, 366, 367, 382, 383","","AGUA","","1","0","","","","MANUAL","uploads/img_20260919190614.jpg","2026-09-19 20:06:14","2026-09-19 20:06:14"
"125079","M-20260917091850-915","SEDAPAL","Lima y Callao","PROGRAMADA","MANUAL","LA VICTORIA","Limpieza y desinfección de reservorio","A.H. Cerro San Cosme; Psje. Carlos Bondy; Calle Ayacucho; Calle Atahualpa; Jirón Gral. Ciurlizza; Av. Bauzate y Meza; todas las calles interiores a este cuadrante","2026-09-19 10:00:00","2026-09-19 22:00:00","Sector 6","","AGUA","","1","0","","","","MANUAL","uploads/img_20260917091850.jpg","2026-09-17 10:18:50","2026-09-17 10:18:50"
"125100","M-20260919141017-260","SEDAPAL","Lima y Callao","IMPREVISTA","MANUAL","SAN LUIS","Rotura de tubería matriz","Urb. San Luis","2026-09-19 09:45:00","2026-09-19 17:00:00","Sector 3","","AGUA","","1","0","","","","MANUAL","uploads/img_20260919141017.jpg","2026-09-19 15:10:17","2026-09-19 15:10:17"
"125101","M-20260919141021-879","SEDAPAL","Lima y Callao","IMPREVISTA","MANUAL","VILLA MARÍA DEL TRIUNFO","Reparación de rotura de tubería","P.J. Nueva Esperanza","2026-09-19 08:50:00","2026-09-19 15:00:00","Sector 312","","AGUA","","1","0","","","","MANUAL","uploads/img_20260919141021.jpg","2026-09-19 15:10:21","2026-09-19 15:10:21"
"125080","M-20260917091854-552","SEDAPAL","Lima y Callao","PROGRAMADA","MANUAL","ATE","Limpieza de reservorio","A.H. Los Alisos de Amauta; P.S. Santa María; PS 1, 2, 3, 4, 5, 6, 7","2026-09-19 08:00:00","2026-09-19 20:00:00","Sector 176","","AGUA","","1","0","","","","MANUAL","uploads/img_20260917091854.jpg","2026-09-17 10:18:54","2026-09-17 10:18:54"
"125122","M-20260920062212-939","SEDAPAL","Lima y Callao","PROGRAMADA","MANUAL","ATE","Mantenimiento de la fuente de pozo","sectores 158; 161; 178","2026-09-19 07:00:00","2026-09-19 23:55:00","Sectores 158, 161, 178","","AGUA","","1","0","","","","MANUAL","uploads/img_20260920062212.jpg","2026-09-20 07:22:12","2026-09-20 07:22:12"
"125110","M-20260919141111-124","SEDAPAL","Lima y Callao","IMPREVISTA","MANUAL","VILLA MARÍA DEL TRIUNFO","Reparación de rotura de tubería","P.J. Nueva Esperanza; P.J. Virgen de Lourdes","2026-09-19 02:05:00","2026-09-19 08:00:00","Sector 312","","AGUA","","1","0","","","","MANUAL","uploads/img_20260919141111.jpg","2026-09-19 15:11:11","2026-09-19 15:11:11"
"125114","M-20260919190617-292","SEDAPAL","Lima y Callao","IMPREVISTA","MANUAL","SAN MIGUEL","Reparación de rotura de tubería","Asoc. Cieneguilla III etapa; Asoc. Las Gardenias; Urb. Chepén; Urb. Ciudad de Papel; Urb. Maranga I y III etapa; Urb. Miramar; Urb. Pando II etapa; Cuadrante: Av. La Marina, Av. Costanera, P.S. San José, Calle 29, Jirón Tungasuca, Jr. Jorge Chávez","2026-09-18 15:00:00","2026-09-19 03:00:00","Sector 45","","AGUA","","1","0","","","","MANUAL","uploads/img_20260919190617.jpg","2026-09-19 20:06:17","2026-09-19 20:06:17"
"125098","M-20260918154257-160","SEDAPAL","Lima y Callao","IMPREVISTA","MANUAL","SAN MIGUEL","Reparación de rotura de tubería","Asoc. Cieneguilla III etapa; Asoc. Las Gardenias; Urb. Chepén; Urb. Ciudad de Papel; Urb. Maranga I y III etapa; Urb. Miramar; Urb. Pando II etapa; Cuadrante: P.S. San José, Av. Costanera, Jr. Tungasuca, Jr. Jorge Chávez","2026-09-18 14:34:00","2026-09-19 03:00:00","Sector 45","","AGUA","","1","0","","","","MANUAL","uploads/img_20260918154257.jpg","2026-09-18 16:42:57","2026-09-18 16:42:57"
"125099","M-20260918154305-645","SEDAPAL","Lima y Callao","IMPREVISTA","MANUAL","CHORRILLOS","Rotura de tubería matriz","Urb. La Campiña; Afecta a todo el sector 90","2026-09-18 14:00:00","2026-09-18 20:00:00","Sector 90","","AGUA","","1","0","","","","MANUAL","uploads/img_20260918154305.jpg","2026-09-18 16:43:06","2026-09-18 16:43:06"
"125061","M-20260916092827-804","SEDAPAL","Lima y Callao","PROGRAMADA","MANUAL","ATE","Limpieza de reservorio","A.H. Monterrey zona B; A.H. Monterrey zona A; Asoc. 8 de enero; Cerro Candela; Av. 10 de abril","2026-09-18 13:00:00","2026-09-18 23:50:00","Sector 176","","AGUA","","1","0","","","","MANUAL","uploads/img_20260916092827.jpg","2026-09-16 10:28:27","2026-09-16 10:28:27"
"125097","M-20260918141324-296","SEDAPAL","Lima y Callao","IMPREVISTA","MANUAL","VILLA MARÍA DEL TRIUNFO","Rotura de tubería matriz","P.J. Nueva Esperanza; A.H. Bella Vista Zona 4; A.H. Nueva Esperanza Comité 1A; A.H. Nueva Esperanza Comité 42A","2026-09-18 12:00:00","2026-09-18 22:00:00","Sector 312","","AGUA","","1","0","","","","MANUAL","uploads/img_20260918141324.jpg","2026-09-18 15:13:24","2026-09-18 15:13:24"
"125062","M-20260916092833-494","SEDAPAL","Lima y Callao","PROGRAMADA","MANUAL","SANTIAGO DE SURCO","Mantenimiento de válvula de control","Urb. Monterrico; Urb. Monterrico Sur; Urb. Prolongación Benavides; Cuadrante: Av. Alejandro Velasco Astete, Jirón Loma Umbrosa, Jirón Morro Solar, Av. Tomás Marsano","2026-09-18 12:00:00","2026-09-18 23:00:00","Sector 62","","AGUA","","1","0","","","","MANUAL","uploads/img_20260916092833.jpg","2026-09-16 10:28:33","2026-09-16 10:28:33"
"125057","M-20260916091655-276","SEDAPAL","Lima y Callao","PROGRAMADA","MANUAL","SAN ISIDRO","Trabajos de mantenimiento en las redes","Urb. Orrantia; Cuadrante: Av. Javier Prado, Av. Las Flores, Av. Aurelio Miró Quesada, Av. El Rosario, Calle Los Cipreses","2026-09-18 12:00:00","2026-09-18 22:00:00","Sector 51","","AGUA","","1","0","","","","MANUAL","uploads/img_20260916091655.jpg","2026-09-16 10:16:55","2026-09-16 10:16:55"
"125056","M-20260916091637-812","SEDAPAL","Lima y Callao","PROGRAMADA","MANUAL","SAN ISIDRO","Ejecución de empalme","Urb. El Rosario; Urb. Orrantia; Cuadrante: Av. Javier Prado, Av. Las Flores, Av. Aurelio Miró Quesada, Av. El Rosario, Calle Los Cipreses","2026-09-18 12:00:00","2026-09-18 23:00:00","Sector 51","","AGUA","","1","0","","","","MANUAL","uploads/img_20260916091637.jpg","2026-09-16 10:16:37","2026-09-16 10:16:37"
"125046","M-20260916082306-299","SEDAPAL","Lima y Callao","PROGRAMADA","MANUAL","INDEPENDENCIA","Limpieza de reservorio","A.H. Hermanos Ayar; Cuadrante: A.H. Belén; A.H. 6 de Mayo; A.H. Virgen del Carmen I; U. Pop. Tahuantinsuyo","2026-09-18 12:00:00","2026-09-18 20:00:00","Sector 336","","AGUA","","1","0","","","","MANUAL","uploads/img_20260916082306.jpg","2026-09-16 09:23:06","2026-09-16 09:23:06"
"125095","M-20260918114522-224","SEDAPAL","Lima y Callao","PROGRAMADA","MANUAL","LA PERLA","Empalme de tubería","Urb. Benjamín Doig Lossio; Urb. Sima; Urb. La Estancia; Urb. Bata Rímac; Urb. Empleados Municipales San Miguel","2026-09-18 10:00:00","2026-09-18 16:00:00","Sector 105","","AGUA","","1","0","","","","MANUAL","uploads/img_20260918114522.jpg","2026-09-18 12:45:22","2026-09-18 12:45:22"
"125049","M-20260916082323-846","SEDAPAL","Lima y Callao","PROGRAMADA","MANUAL","LIMA CERCADO","Ejecución de empalme","A.H. Chabuca Granda; P.J. Conde de la Vega Baja; P.J. Flor Conde de la Vega; P.J. El Planeta; P.J. Villa María del Perpetuo Socorro; Cuadrante: Calle Reque, Río Rímac, Av. Morales Duárez, Av. Ramón Cárcamo, Av. Enrique Meiggs","2026-09-18 10:00:00","2026-09-18 22:00:00","Sector 31","","AGUA","","1","0","","","","MANUAL","uploads/img_20260916082323.jpg","2026-09-16 09:23:23","2026-09-16 09:23:23"
"125048","M-20260916082316-879","SEDAPAL","Lima y Callao","PROGRAMADA","MANUAL","LIMA CERCADO","Trabajos de empalme de tuberías","A.H. Chabuca Granda; P.J. Conde de la Vega Baja; P.J. Flor; P.J. El Planeta; P.J. Villa María del Perpetuo Socorro; Cuadrante: Calle Reque, Río Rímac, Av. Morales Duárez, Av. Ramón Cárcamo, Av. Enrique Meiggs y todas las calles interiores a este cuadrante.","2026-09-18 10:00:00","2026-09-18 22:00:00","Sector 31","","AGUA","","1","0","","","","MANUAL","uploads/img_20260916082316.jpg","2026-09-16 09:23:16","2026-09-16 09:23:16"
"125047","M-20260916082312-632","SEDAPAL","Lima y Callao","PROGRAMADA","MANUAL","LIMA CERCADO","Empalme de tubería","P.J. El Planeta; Cuadrante: Calle Reque, Río Rímac, Av. Morales Duárez, Av. Ramón Cárcamo, Av. Enrique Meiggs","2026-09-18 10:00:00","2026-09-18 22:00:00","Sector 31","","AGUA","","1","0","","","","MANUAL","uploads/img_20260916082312.jpg","2026-09-16 09:23:12","2026-09-16 09:23:12"
"125050","M-20260916082330-630","SEDAPAL","Lima y Callao","PROGRAMADA","MANUAL","SAN JUAN DE LURIGANCHO","Limpieza de reservorio","A.H. Arenal Alto Canto Grande; A.H. Señor de Los Milagros II; Pl Los Angeles Sector Keiko Sofia Fujimori; A.H. Cerrito La Libertad; A.H. Nueva Vida Zona A; 30 de Agosto; AF Los Nogales; Agru. César Vallejo II; Agru. 9 de Febrero; A.H. 1ro de Setiembre; A.H. Cesar Vallejo; A.H. Nueva Vida Sector B; A.H. Nueva Vida Sector B (Agru. Lomas); AF Villa Nuevo Horizonte; A.H. Nueva Vida Sector B; Agru. Sagrado Corazón de Jesús; Agru. Corazón de Jesús; Agru. Santiago Apóstol; A.H. Juan Pablo II V etapa Sector 1; A.H. Pl Nuevo Milenio Sector Nueva Vida; Agru. Mi Perú; A.H. Pl Nuevo Milenio Sector Nueva Vida (Zona E); A.H. Juan Pablo II V etapa (M, N, P, Q)","2026-09-18 09:00:00","2026-09-18 21:00:00","Sector 412","","AGUA","","1","0","","","","MANUAL","uploads/img_20260916082330.jpg","2026-09-16 09:23:30","2026-09-16 09:23:30"
"125052","M-20260916082338-704","SEDAPAL","Lima y Callao","PROGRAMADA","MANUAL","VILLA MARÍA DEL TRIUNFO","Limpieza y desinfección de reservorio","P.J. San Gabriel Vallecito Bajo; A.H. Manuel González Prada; A.H. La Florida; A.H. Ampliación Comité 24; A.H. Casuarinas; A.H. José C. Mariátegui Sector Vallecito Bajo Mzs. 83, 84A, 97, 98; Comité 42; A.H. José C. Mariátegui 3ra etapa Mzs. 10R, S10B, 102, 103, Z, 93A, X10, Y10; A.H. Nuevo Amanecer; A.H. Virgen del Carmen","2026-09-18 08:00:00","2026-09-18 20:00:00","Sector 309","","AGUA","","1","0","","","","MANUAL","uploads/img_20260916082338.jpg","2026-09-16 09:23:38","2026-09-16 09:23:38"
"125051","M-20260916082334-450","SEDAPAL","Lima y Callao","PROGRAMADA","MANUAL","ATE","Limpieza de reservorio","Asoc. Vivienda Amigos de la Paz; Asoc. Los Progresistas de Ate zonas A y B; Asoc. Vivienda Los Jardines de Ate; P.V. Residencial Las Américas","2026-09-18 08:00:00","2026-09-18 20:00:00","Sector 176","","AGUA","","1","0","","","","MANUAL","uploads/img_20260916082334.jpg","2026-09-16 09:23:34","2026-09-16 09:23:34"
"125096","M-20260918114528-350","SEDAPAL","Lima y Callao","IMPREVISTA","MANUAL","SAN JUAN DE MIRAFLORES","Fuga en toma de conexión","P.J. Buenos Milagros; P.J. San Francisco de la Cruz","2026-09-18 07:42:00","2026-09-18 16:00:00","Sector 301","","AGUA","","1","0","","","","MANUAL","uploads/img_20260918114528.jpg","2026-09-18 12:45:28","2026-09-18 12:45:28"
"125092","M-20260918083201-969","SEDAPAL","Lima y Callao","IMPREVISTA","MANUAL","SANTIAGO DE SURCO","Baja presión en las redes","Urb. Los Rosales","2026-09-18 05:31:00","2026-09-18 12:00:00","Sector 60","","AGUA","","1","0","","","","MANUAL","uploads/img_20260918083201.jpg","2026-09-18 09:32:01","2026-09-18 09:32:01"
"125094","M-20260918114509-405","SEDAPAL","Lima y Callao","IMPREVISTA","MANUAL","VILLA MARÍA DEL TRIUNFO","Rotura de tubería matriz","P.J. Nueva Esperanza","2026-09-18 05:00:00","2026-09-18 15:00:00","Sector 312","","AGUA","","1","0","","","","MANUAL","uploads/img_20260918114509.jpg","2026-09-18 12:45:09","2026-09-18 12:45:09"
"125043","M-20260916060858-678","SEDAPAL","Lima y Callao","PROGRAMADA","MANUAL","SANTIAGO DE SURCO","Limpieza y desinfección de reservorio","Urb. Las Laderas; Urb. Valle Hermoso Oeste; Urb. Las Casuarinas 1ra, 2da y 3ra etapa","2026-09-18 05:00:00","2026-09-18 21:00:00","Sector 299","","AGUA","","1","0","","","","MANUAL","uploads/img_20260916060858.jpg","2026-09-16 07:08:58","2026-09-16 07:08:58"
"125091","M-20260917225100-846","SEDAPAL","Lima y Callao","PROGRAMADA","MANUAL","LINCE","Rotura de tubería por tercero","Calle Garcilaso de la Vega - Localidad Cercado","2026-09-17 22:00:00","2026-09-17 23:55:00","Sector 28","","AGUA","","1","0","","","","MANUAL","uploads/img_20260917225100.jpg","2026-09-17 23:51:00","2026-09-17 23:51:00"
"125089","M-20260917214832-654","SEDAPAL","Lima y Callao","IMPREVISTA","MANUAL","LINCE","Rotura de tubería matriz","Urb. Cercado","2026-09-17 16:46:00","2026-09-17 23:55:00","Sector 28","","AGUA","","1","0","","","","MANUAL","uploads/img_20260917214832.jpg","2026-09-17 22:48:32","2026-09-17 22:48:32"
"125090","M-20260917214843-553","SEDAPAL","Lima y Callao","IMPREVISTA","MANUAL","EL AGUSTINO","Afectación por tercero","P.J. Pro. Vivienda El Agustino 2da zona; Urb. Santoyo","2026-09-17 15:45:00","2026-09-17 23:45:00","Sector 2","","AGUA","","1","0","","","","MANUAL","uploads/img_20260917214843.jpg","2026-09-17 22:48:43","2026-09-17 22:48:43"
"125018","M-20260915085325-477","SEDAPAL","Lima y Callao","PROGRAMADA","MANUAL","SAN JUAN DE LURIGANCHO","Limpieza de reservorio","Agru. Santa Rosita Milagrosa","2026-09-17 13:00:00","2026-09-17 21:00:00","Sector 412","","AGUA","","1","0","","","","MANUAL","uploads/img_20260915085325.jpg","2026-09-15 09:53:26","2026-09-15 09:53:26"
"125088","M-20260917105507-768","SEDAPAL","Lima y Callao","PROGRAMADA","MANUAL","VENTANILLA","Limpieza de reservorio","A.H. Agru. Área Proyecto El Mirador","2026-09-17 12:00:00","2026-09-17 18:00:00","Sector 289","","AGUA","","1","0","","","","MANUAL","uploads/img_20260917105507.jpg","2026-09-17 11:55:07","2026-09-17 11:55:07"
"125019","M-20260915085335-964","SEDAPAL","Lima y Callao","PROGRAMADA","MANUAL","INDEPENDENCIA","Limpieza de reservorio","A.H. El Bosque; A.H. 25 de Diciembre; A.H. Domingo de Ramos; A.H. 18 de Enero; A.H. Valle Cruz de Mayo; A.H. Valle Young; P.J. Valle Sagrado de los Incas; U. Pop. Tahuantinsuyo","2026-09-17 12:00:00","2026-09-17 20:00:00","Sector 336","","AGUA","","1","0","","","","MANUAL","uploads/img_20260915085335.jpg","2026-09-15 09:53:35","2026-09-15 09:53:35"
"125022","M-20260915085407-757","SEDAPAL","Lima y Callao","PROGRAMADA","MANUAL","SAN JUAN DE LURIGANCHO","Limpieza de reservorio","A.H. Juan Pablo II V etapa Sector 1, Agru. Hijos de Maravilla, A.H. Juan Pablo II V etapa (H1,H2, I3), A.H. Juan Pablo II V etapa Sector 1, A.H. Juan Pablo II V etapa (I2, L, J, J2, J3, I3), A.H. Casuarinas de Nueva Vida, A.H. Proy. Integ. Nuevo Milenio Sector Los Jardines, Sector Los Jardines Ampliac., Agru. Santa Rosita Milagrosa, Agru. Juan Pablo II - L4, A.H. Proy. Integ. Nuevo Milenio (Vista Alegre), A.H. Pl Nuevo Milenio Sector Nueva Vida, Agru. Ml Perú, A.Fl. Nuevo Milenio Sector Nueva Vida (Zona E), AF El Mirador, A.H. Suani Nueva Vida Zona D, A.H. Pl Nuevo Milenio Sector Colinas 14 de Enero, A.H. Nueva Vida Zona C, Agru. Las Brisas de Juan Pablo II, A.H. Juan Pablo II V etapa (I2, L, J, J2, J3, I3), Agru. San Martín de Porres V etapa Juan Pablo II, Agru. 1 de Abril, Pl Los Angeles Sector Keiko S. Fujimori, A.H. Juan Pablo II V etapa (M, N, P, Q)","2026-09-17 10:00:00","2026-09-17 21:00:00","Sector 412","","AGUA","","1","0","","","","MANUAL","uploads/img_20260915085407.jpg","2026-09-15 09:54:07","2026-09-15 09:54:07"
"125021","M-20260915085349-135","SEDAPAL","Lima y Callao","PROGRAMADA","MANUAL","LIMA CERCADO","Ejecución de empalme","A.H. Chabuca Granda; P.J. Conde de La Vega; P.J. Flor Conde de La Vega; P.J. El Planeta; P.J. Villa María del Perpetuo Socorro","2026-09-17 10:00:00","2026-09-17 22:00:00","Sector 31","","AGUA","","1","0","","","","MANUAL","uploads/img_20260915085349.jpg","2026-09-15 09:53:49","2026-09-15 09:53:49"
"125020","M-20260915085341-674","SEDAPAL","Lima y Callao","PROGRAMADA","MANUAL","LIMA CERCADO","Empalme de tubería","P.J. Villa María del Perpetuo Socorro; Calle Reque; Río Rímac; Av. Morales Duárez; Jr. Ramón Cárcamo; Av. Enrique Meiggs","2026-09-17 10:00:00","2026-09-17 22:00:00","Sector 31","","AGUA","","1","0","","","","MANUAL","uploads/img_20260915085341.jpg","2026-09-15 09:53:41","2026-09-15 09:53:41"
"125015","M-20260915083819-666","SEDAPAL","Lima y Callao","PROGRAMADA","MANUAL","SAN JUAN DE LURIGANCHO","Limpieza de reservorio","Agru. Arenal Alto; Coop. La Sagrada Familia; A.H. Arenal de Canto Grande; Juan Pablo II etapa 1; A.H. Arenal Alto Canto Grande; A.H. Señor de Los Milagros II; A.H. 4 Suyos Nuevo Milenio Sector 5 de Julio; AF Perú Posible; AF Las Castuarinas; A.H. Corazón de Jesús; Pl Los Ángeles Sector Keiko S. Fujimori; Pl Los Ángeles Sector Keiko Sofía Fujimori; A.H. Proy. Int. Los Ángeles Sector Cerro Los Pinos; A.H. Cerrito La Libertad; A.H. Nueva Vida Zona A San Francisco de Asís; Agru. Nuestra Sra. del Sagrado Corazón de Jesús 30 de Agosto; AF Los Nogales; Agru. César Vallejo II; Agru. 9 de Febrero; A.H. 1 de Setiembre; A.H. César Vallejo; A.H. Nueva Vida Sector B; A.H. Nueva Vida Sector B (Agru. Lomas); AF Villa Nuevo Horizonte; A.H. Nueva Vida Sector B; Agru. Sagrado Corazón de Jesús; Agru. Santiago Apóstol","2026-09-17 10:00:00","2026-09-17 21:00:00","412","","AGUA","","1","0","","","","MANUAL","uploads/img_20260915083819.jpg","2026-09-15 09:38:19","2026-09-15 09:38:19"
"125086","M-20260917105501-819","SEDAPAL","Lima y Callao","PROGRAMADA","MANUAL","VILLA MARÍA DEL TRIUNFO","Mantenimiento de cámara de reductoras de presión","A.H. Los Pinos; Sector Los Ángeles; Sector Los Laureles Ampliación","2026-09-17 08:00:00","2026-09-17 17:00:00","Sector 307","","AGUA","","1","0","","","","MANUAL","uploads/img_20260917105501.jpg","2026-09-17 11:55:01","2026-09-17 11:55:01"
"125017","M-20260915083827-963","SEDAPAL","Lima y Callao","PROGRAMADA","MANUAL","ATE","Limpieza de reservorio","Asoc. Américas; P.V. Resid. Las Américas; A.H. Los Progresistas; A.H. Monterrey Zona A y B; A.H. Señor de Muruhuay; Asoc. Alto Monterrey; A.H. Amauta Zonas A y B; A.H. Los Alisos; A.H. Los Triunfadores; Comunidad de Collanac; Asoc. Milagro de Mayo; A.H. Inmaculada Concepción; Asoc. Jesús de Nazaret; A.H. Nueva Amanecer; Asoc. Amigos de la Paz; Asoc. Viv. Los Jardines; A.H. María de Jesús Espinoza; A.H. 28 de Junio; A.H. La Estrella; Asoc. San Pedro; A.H. Javier Heraud II","2026-09-17 08:00:00","2026-09-17 20:00:00","Sector 176","","AGUA","","1","0","","","","MANUAL","uploads/img_20260915083827.jpg","2026-09-15 09:38:27","2026-09-15 09:38:27"
"125016","M-20260915083824-956","SEDAPAL","Lima y Callao","PROGRAMADA","MANUAL","PACHACÁMAC","Limpieza y desinfección de reservorio","Las Casuarinas de Collanac (24 de Junio); Asoc. Viv. Virgen de Chapi Portada de Manchay - Ampliación; A.H. Portada de Manchay II; Asoc. Vivienda Corazón de María","2026-09-17 08:00:00","2026-09-17 20:00:00","Sector 299","","AGUA","","1","0","","","","MANUAL","uploads/img_20260915083824.jpg","2026-09-15 09:38:24","2026-09-15 09:38:24"
"125083","M-20260917095508-263","SEDAPAL","Lima y Callao","IMPREVISTA","MANUAL","SAN JUAN DE MIRAFLORES","Fuga en toma de conexión","P.J. Jesús Poderoso; Calle Manuel Arias; Jr. Echenique; Av. Los Héroes; Metro Atocongo","2026-09-17 07:40:00","2026-09-17 17:00:00","Sector 200","","AGUA","","1","0","","","","MANUAL","uploads/img_20260917095508.jpg","2026-09-17 10:55:08","2026-09-17 10:55:08"
"125087","M-20260917105504-899","SEDAPAL","Lima y Callao","IMPREVISTA","MANUAL","RÍMAC","Reparación de rotura de tubería","P.J. Villa Fátima","2026-09-17 07:12:00","2026-09-17 15:00:00","Sector 200","","AGUA","","1","0","","","","MANUAL","uploads/img_20260917105504.jpg","2026-09-17 11:55:04","2026-09-17 11:55:04"
"125084","M-20260917095514-409","SEDAPAL","Lima y Callao","IMPREVISTA","MANUAL","RÍMAC","Reparación de rotura de tubería","P.J. Villa Fátima","2026-09-17 07:12:00","2026-09-17 12:00:00","Sector 200","","AGUA","","1","0","","","","MANUAL","uploads/img_20260917095514.jpg","2026-09-17 10:55:14","2026-09-17 10:55:14"
"125075","M-20260917091828-425","SEDAPAL","Lima y Callao","IMPREVISTA","MANUAL","CARABAYLLO","Rotura de tubería matriz","P.J. Raúl Porras Barrenechea; P.J. La Flor","2026-09-17 06:39:00","2026-09-17 13:00:00","Sector 357","","AGUA","","1","0","","","","MANUAL","uploads/img_20260917091828.jpg","2026-09-17 10:18:28","2026-09-17 10:18:28"
"125085","M-20260917095518-233","SEDAPAL","Lima y Callao","PROGRAMADA","MANUAL","ATE","Mantenimiento del equipo de bombeo","Asoc. Residencial La Estrella","2026-09-17 05:05:00","2026-09-17 16:05:00","Sectores 158, 161, 178","","AGUA","","1","0","","","","MANUAL","uploads/img_20260917095518.jpg","2026-09-17 10:55:18","2026-09-17 10:55:18"
"125014","M-20260915062222-520","SEDAPAL","Lima y Callao","PROGRAMADA","MANUAL","SANTIAGO DE SURCO","Limpieza y desinfección de reservorio","Urb. Las Casuarinas Alta 1ra etapa; Urb. Las Casuarinas Alta 2da etapa","2026-09-17 05:00:00","2026-09-17 21:00:00","Sector 299","","AGUA","","1","0","","","","MANUAL","uploads/img_20260915062222.jpg","2026-09-15 07:22:22","2026-09-15 07:22:22"
"125081","M-20260917091902-693","SEDAPAL","Lima y Callao","IMPREVISTA","MANUAL","INDEPENDENCIA","Baja presión en las redes","U. Pop. Tahuantinsuyo; U. Pop. Túpac Amaru","2026-09-16 21:58:00","2026-09-17 03:00:00","Sector 335","","AGUA","","1","0","","","","MANUAL","uploads/img_20260917091902.jpg","2026-09-17 10:19:02","2026-09-17 10:19:02"
"125072","M-20260916214441-990","SEDAPAL","Lima y Callao","IMPREVISTA","MANUAL","CARMEN DE LA LEGUA","Reparación de rotura de tubería","A.H. 22 Hectáreas","2026-09-16 20:00:00","2026-09-16 23:30:00","Sector 37","","AGUA","","1","0","","","","MANUAL","uploads/img_20260916214441.jpg","2026-09-16 22:44:41","2026-09-16 22:44:41"
"125074","M-20260916214449-520","SEDAPAL","Lima y Callao","IMPREVISTA","MANUAL","SURQUILLO","Reparación de rotura de tubería","Av. Angamos; Av. República de Panamá; Urb. Barrio Médico; A.H. Casa Huertas","2026-09-16 18:15:00","2026-09-16 23:55:00","Sector 58","","AGUA","","1","0","","","","MANUAL","uploads/img_20260916214449.jpg","2026-09-16 22:44:49","2026-09-16 22:44:49"
"125073","M-20260916214445-933","SEDAPAL","Lima y Callao","IMPREVISTA","MANUAL","SURQUILLO","Rotura de tubería matriz","Av. Angamos; Av. República de Panamá; Urb. Barrio Médico; A.H. Casa Huertas","2026-09-16 18:00:00","2026-09-16 23:55:00","Sector 58","","AGUA","","1","0","","","","MANUAL","uploads/img_20260916214445.jpg","2026-09-16 22:44:45","2026-09-16 22:44:45"
"125005","M-20260914132012-607","SEDAPAL","Lima y Callao","PROGRAMADA","MANUAL","SAN JUAN DE LURIGANCHO","Instalación de válvula mariposa","Área comprendida entre la Av. Las Riveras de Huachipa, Asoc. Pro.Vivienda Villa Santa Rosa de Huachipa, límite del Cementerio Campo Fe de Huachipa, Av. Los Laureles y Av. Ramiro Prialé.; Área comprendida entre la Av. Malecón Checa Eguiguren, Av. Pirámide del Sol, Jr. San Federico, Av. Próceres de la Independencia, Av. Lima, Av. Canto Grande, límite distrital El Rímac, límite cerro San Jerónimo, Av. Principal, Jr. Neón, Av. Canto Grande, Av. San Hilarión, Av. Próceres de la Independencia, Av. Jorge Basadre Este, límite Penal SJL, Av. Santa Rosa de Lima, límite Lomas de Mangomarca, Av. El Santuario, Jr. Cajamarquilla, Jr. Apacheta, Av. Gran Chimú.","2026-09-16 14:00:00","2026-09-17 08:00:00","Sectores 126, 128, 401, 402, 404, 405 y 406","","AGUA","","1","0","","","","MANUAL","uploads/img_20260914132012.jpg","2026-09-14 14:20:12","2026-09-14 14:20:12"
"125004","M-20260914132007-456","SEDAPAL","Lima y Callao","PROGRAMADA","MANUAL","SAN JUAN DE LURIGANCHO","Limpieza de reservorio","Urb. Semi Rústica Canto Grande; Agru. Arenal Alto; Coop. La Sagrada Familia; A.H. Arenal de Canto Grande Juan Pablo II etapa 1; A.H. Daniel A. Carrión; A.H. Arenal Alto Canto Grande; A.H. Señor de Los Milagros II; APV El Porvenir; APV Israel; A.H. Liberación; AF Perú Posible; AF Las Casuarinas de Jicamarca; AF Nvo Mundo; A.H. Corazón de Jesús.","2026-09-16 13:00:00","2026-09-16 23:55:00","Sector 412","","AGUA","","1","0","","","","MANUAL","uploads/img_20260914132007.jpg","2026-09-14 14:20:07","2026-09-14 14:20:07"
"124991","M-20260914082325-883","SEDAPAL","Lima y Callao","PROGRAMADA","MANUAL","SANTA ANITA","Limpieza de reservorio","Asoc. Las Praderas de Santa Anita I, II y III etapa; A.H. Asoc. de Vivienda La Encalada y Salinas; Hab. Asoc. Los Alpes","2026-09-16 13:00:00","2026-09-16 23:50:00","Sector 172","","AGUA","","1","0","","","","MANUAL","uploads/img_20260914082325.jpg","2026-09-14 09:23:25","2026-09-14 09:23:25"
"125066","M-20260916130003-557","SEDAPAL","Lima y Callao","PROGRAMADA","MANUAL","CALLAO","Limpieza de reservorio","A.H. Sarita Colonia; A.H. Acapulco","2026-09-16 12:00:00","2026-09-16 18:00:00","Sector 120","","AGUA","","1","0","","","","MANUAL","uploads/img_20260916130003.jpg","2026-09-16 14:00:03","2026-09-16 14:00:03"
"124993","M-20260914082334-346","SEDAPAL","Lima y Callao","PROGRAMADA","MANUAL","INDEPENDENCIA","Limpieza de reservorio","A.H. 31 de Diciembre; A.H. Hermanos Ayar; A.H. 5 de Marzo; A.H. 1ro de Mayo III etapa; A.H. Cahuide Ampliación; P.I. 18 de Marzo","2026-09-16 12:00:00","2026-09-16 20:00:00","Sector 337","","AGUA","","1","0","","","","MANUAL","uploads/img_20260914082334.jpg","2026-09-14 09:23:34","2026-09-14 09:23:34"
"124992","M-20260914082331-136","SEDAPAL","Lima y Callao","PROGRAMADA","MANUAL","INDEPENDENCIA","Limpieza de reservorio","A.H. Hermanos Ayar; A.H. Cerro Calavera; A.H. Virgen del Carmen I; P.I. 18 de Marzo; U. Pop. Tahuantinsuyo; U. Pop. Túpac Amaru; A.H. La Paz","2026-09-16 12:00:00","2026-09-16 20:00:00","Sector 336","","AGUA","","1","0","","","","MANUAL","uploads/img_20260914082331.jpg","2026-09-14 09:23:31","2026-09-14 09:23:31"
"124994","M-20260914082338-440","SEDAPAL","Lima y Callao","PROGRAMADA","MANUAL","SAN JUAN DE LURIGANCHO","Limpieza de reservorio","Agru. Arenal Alto; Coop. La Sagrada Familia; A.H. Arenal de Canto Grande Juan Pablo II etapa 1; A.H. Daniel A. Carrión; A.H. Arenal Alto Canto Grande; A.H. Señor de Los Milagros II; APV El Porvenir; APV Israel; A.H. Liberación; AF Perú Posible; AF Las Casuarinas de Jicamarca; AF Nvo Mundo; A.H. Corazón de Jesús","2026-09-16 10:00:00","2026-09-16 23:55:00","Sector 412","","AGUA","","1","0","","","","MANUAL","uploads/img_20260914082338.jpg","2026-09-14 09:23:38","2026-09-14 09:23:38"
"125067","M-20260916131247-730","SEDAPAL","Lima y Callao","IMPREVISTA","MANUAL","VILLA EL SALVADOR","Afectación por tercero","Cercado; Cuadrante: Av. El Sol, Av. Separadora Industrial, Av. Juan Velasco Alvarado, Av. Los Álamos","2026-09-16 09:50:00","2026-09-16 20:00:00","Sector 320","","AGUA","","1","0","","","","MANUAL","uploads/img_20260916131247.jpg","2026-09-16 14:12:47","2026-09-16 14:12:47"
"124995","M-20260914082344-450","SEDAPAL","Lima y Callao","PROGRAMADA","MANUAL","SANTA ANITA","Empalme de tubería","Coop. Universal 1ra etapa; A.H. Los Jardines","2026-09-16 09:00:00","2026-09-16 20:00:00","Sector 171","","AGUA","","1","0","","","","MANUAL","uploads/img_20260914082344.jpg","2026-09-14 09:23:44","2026-09-14 09:23:44"
"124997","M-20260914082352-251","SEDAPAL","Lima y Callao","PROGRAMADA","MANUAL","LA MOLINA","Limpieza de reservorio","Urb. Rinconada de Ate; Cuadrante: Urb. Quebrada de la Rinconada; Calle El Herraje","2026-09-16 08:00:00","2026-09-16 20:00:00","Sector 194","","AGUA","","1","0","","","","MANUAL","uploads/img_20260914082352.jpg","2026-09-14 09:23:52","2026-09-14 09:23:52"
"124996","M-20260914082349-740","SEDAPAL","Lima y Callao","PROGRAMADA","MANUAL","PACHACÁMAC","Limpieza y desinfección de Reservorio","C.P.R. La Pradera; C.P.R. Huertos de Manchay Sector Santa Rosa; Asoc. de Viv. Sector El Balcón Huertos de Manchay; C.P.R. Huertos de Manchay Sector B; C.P.R. Huertos de Manchay Sector C; Asoc. de la U.P.I.S. Vista Alegre de Manchay; Asoc. C.P.R. La Unión de Manchay Alto; C.P.R. Huertos de Manchay Sector A Los Eucaliptos; C.P.R. Huertos de Manchay Sector F; C.P.R. Huertos de Manchay Sector R Los Alamos; C.P.R. Huertos de Manchay Parcela 1 Sector R; A.H. San Cristóbal; Asociación Los Ficus","2026-09-16 08:00:00","2026-09-16 20:00:00","Sectores 444, 431, 446","","AGUA","","1","0","","","","MANUAL","uploads/img_20260914082349.jpg","2026-09-14 09:23:49","2026-09-14 09:23:49"
"125071","M-20260916182201-144","SEDAPAL","Lima y Callao","IMPREVISTA","MANUAL","CHORRILLOS","Afectación por tercero","Urb. La Campiña","2026-09-16 06:45:00","2026-09-16 18:00:00","Sector 90","","AGUA","","1","0","","","","MANUAL","uploads/img_20260916182201.jpg","2026-09-16 19:22:01","2026-09-16 19:22:01"
"125063","M-20260916095957-455","SEDAPAL","Lima y Callao","IMPREVISTA","MANUAL","CHORRILLOS","Afectación por tercero","Urb. La Campiña","2026-09-16 06:45:00","2026-09-16 14:00:00","Sector 90","","AGUA","","1","0","","","","MANUAL","uploads/img_20260916095957.jpg","2026-09-16 10:59:57","2026-09-16 10:59:57"
"125064","M-20260916100007-681","SEDAPAL","Lima y Callao","PROGRAMADA","MANUAL","ATE","Mantenimiento del equipo de bombeo","Asoc. Residencial La Estrella","2026-09-16 06:23:00","2026-09-16 16:00:00","Sectores 158, 161, 178","","AGUA","","1","0","","","","MANUAL","uploads/img_20260916100007.jpg","2026-09-16 11:00:07","2026-09-16 11:00:07"
"125070","M-20260916182156-877","SEDAPAL","Lima y Callao","IMPREVISTA","MANUAL","SANTA ANITA","Rotura de tubería matriz","Urb. La Achirana 1ra etapa; Urb. Los Ficus; Urb. Alto Ficus","2026-09-16 06:20:00","2026-09-16 15:20:00","Sector 171","","AGUA","","1","0","","","","MANUAL","uploads/img_20260916182156.jpg","2026-09-16 19:21:56","2026-09-16 19:21:56"
"125065","M-20260916100013-855","SEDAPAL","Lima y Callao","IMPREVISTA","MANUAL","SANTA ANITA","Rotura de tubería matriz","Urb. La Achirana 1ra etapa; Urb. Los Ficus; Urb. Alto Ficus","2026-09-16 06:20:00","2026-09-16 15:00:00","Sector 171","","AGUA","","1","0","","","","MANUAL","uploads/img_20260916100013.jpg","2026-09-16 11:00:13","2026-09-16 11:00:13"
"124990","M-20260914061025-690","SEDAPAL","Lima y Callao","PROGRAMADA","MANUAL","SURQUILLO","Limpieza y desinfección de reservorio","Conjunto Habitacional Dammert Muelle","2026-09-16 05:00:00","2026-09-16 21:00:00","Sector 38","","AGUA","","1","0","","","","MANUAL","uploads/img_20260914061025.jpg","2026-09-14 07:10:25","2026-09-14 07:10:25"
"125060","M-20260916091808-747","SEDAPAL","Lima y Callao","IMPREVISTA","MANUAL","RÍMAC","Rotura de tubería matriz","Urb. Leoncio Prado; Urb. Villacampa; P.J. González Prada","2026-09-15 18:02:00","2026-09-15 23:00:00","Sector 201","","AGUA","","1","0","","","","MANUAL","uploads/img_20260916091808.jpg","2026-09-16 10:18:08","2026-09-16 10:18:08"
"125054","M-20260916082354-938","SEDAPAL","Lima y Callao","IMPREVISTA","MANUAL","RÍMAC","Rotura de tubería matriz","Urb. Leoncio Prado; Urb. Villacampa; P.J. Gonzáles Prada","2026-09-15 18:02:00","2026-09-16 02:00:00","Sector 201","","AGUA","","1","0","","","","MANUAL","uploads/img_20260916082354.jpg","2026-09-16 09:23:54","2026-09-16 09:23:54"
"125055","M-20260916082357-229","SEDAPAL","Lima y Callao","IMPREVISTA","MANUAL","SAN MARTÍN DE PORRES","Rotura de tubería matriz","Urb. Ingeniería; Cuadrante: Av. Honorio Delgado, Av. Gerardo Unger, Calle Isidro Alcíbar, Av. Alfredo Mendiola","2026-09-15 15:29:00","2026-09-15 22:30:00","Sector 204","","AGUA","","1","0","","","","MANUAL","uploads/img_20260916082357.jpg","2026-09-16 09:23:57","2026-09-16 09:23:57"
"125030","M-20260915180237-403","SEDAPAL","Lima y Callao","IMPREVISTA","MANUAL","SAN MARTÍN DE PORRES","Rotura de tubería matriz","Urb. Ingeniería; Cuadrante: Av. Honorio Delgado, Av. Gerardo Unger, Calle Isidro Alcíbar, Av. Alfredo Mendiola","2026-09-15 15:29:00","2026-09-15 22:00:00","Sector 204","","AGUA","","1","0","","","","MANUAL","uploads/img_20260915180237.jpg","2026-09-15 19:02:37","2026-09-15 19:02:37"
"125031","M-20260915180240-919","SEDAPAL","Lima y Callao","IMPREVISTA","MANUAL","CIENEGUILLA","Rotura de tubería matriz","Centro Poblado Rural Villa Toledo","2026-09-15 15:20:00","2026-09-15 23:20:00","Sector 439","","AGUA","","1","0","","","","MANUAL","uploads/img_20260915180240.jpg","2026-09-15 19:02:40","2026-09-15 19:02:40"
"125058","M-20260916091757-760","SEDAPAL","Lima y Callao","IMPREVISTA","MANUAL","BARRANCO","Rotura de tubería matriz","Cercado Cuadrante: Av. Grau, Jr. Independencia, Malecón de Souza, Jr. 28 de Julio","2026-09-15 15:00:00","2026-09-15 23:00:00","Sector 74","","AGUA","","1","0","","","","MANUAL","uploads/img_20260916091757.jpg","2026-09-16 10:17:57","2026-09-16 10:17:57"
"125053","M-20260916082349-898","SEDAPAL","Lima y Callao","IMPREVISTA","MANUAL","BARRANCO","Rotura de tubería matriz","Cercado; Cuadrante: Av. Grau, Jr. Independencia, Malecón de Souza, Jr. 28 de Julio","2026-09-15 15:00:00","2026-09-15 23:55:00","Sector 74","","AGUA","","1","0","","","","MANUAL","uploads/img_20260916082349.jpg","2026-09-16 09:23:49","2026-09-16 09:23:49"
"125034","M-20260915181911-753","SEDAPAL","Lima y Callao","IMPREVISTA","MANUAL","VILLA EL SALVADOR","Afectación por tercero","Asoc. de Vivienda Villa Residencial Unicachi; Av. Pumacahua; Av. Pastor Sevilla; Av. 1 de Mayo; Av. Los Forestales; Av. El Guarango; C.R. Aux. Panamericana Sur","2026-09-15 15:00:00","2026-09-15 23:00:00","Sector 318","","AGUA","","1","0","","","","MANUAL","uploads/img_20260915181911.jpg","2026-09-15 19:19:11","2026-09-15 19:19:11"
"125032","M-20260915180242-256","SEDAPAL","Lima y Callao","IMPREVISTA","MANUAL","BARRANCO","Rotura de tubería matriz","Cercado Cuadrante: Av. Grau, Jr. Independencia, Malecón de Souza, Jr. 28 de Julio","2026-09-15 15:00:00","2026-09-15 21:00:00","Sector 74","","AGUA","","1","0","","","","MANUAL","uploads/img_20260915180242.jpg","2026-09-15 19:02:42","2026-09-15 19:02:42"
"124971","M-20260913121132-267","SEDAPAL","Lima y Callao","PROGRAMADA","MANUAL","LA MOLINA","Limpieza de reservorio","Urb. La Capilla; Ventracom","2026-09-15 13:00:00","2026-09-15 23:50:00","Sector 199","","AGUA","","1","0","","","","MANUAL","uploads/img_20260913121132.jpg","2026-09-13 13:11:32","2026-09-13 13:11:32"
"125026","M-20260915133436-756","SEDAPAL","Lima y Callao","IMPREVISTA","MANUAL","CHORRILLOS","Rotura de tubería matriz","Urb. La Campiña; todo el sector 90","2026-09-15 12:20:00","2026-09-15 20:30:00","Sector 90","","AGUA","","1","0","","","","MANUAL","uploads/img_20260915133436.jpg","2026-09-15 14:34:36","2026-09-15 14:34:36"
"125059","M-20260916091805-283","SEDAPAL","Lima y Callao","IMPREVISTA","MANUAL","CHORRILLOS","Rotura de tubería matriz","Urb. La Campiña; Afecta a todo el sector 90","2026-09-15 12:17:00","2026-09-15 23:55:00","Sector 90","","AGUA","","1","0","","","","MANUAL","uploads/img_20260916091805.jpg","2026-09-16 10:18:05","2026-09-16 10:18:05"
"125033","M-20260915181905-453","SEDAPAL","Lima y Callao","IMPREVISTA","MANUAL","CHORRILLOS","Rotura de tubería matriz","Urb. La Campiña; Afecta a todo el sector 90","2026-09-15 12:17:00","2026-09-15 21:00:00","Sector 90","","AGUA","","1","0","","","","MANUAL","uploads/img_20260915181905.jpg","2026-09-15 19:19:05","2026-09-15 19:19:05"
"125025","M-20260915133431-189","SEDAPAL","Lima y Callao","IMPREVISTA","MANUAL","CHORRILLOS","Rotura de tubería matriz","Urb. La Campiña; Afecta a todo el sector 90","2026-09-15 12:17:00","2026-09-15 18:30:00","Sector 90","","AGUA","","1","0","","","","MANUAL","uploads/img_20260915133431.jpg","2026-09-15 14:34:31","2026-09-15 14:34:31"
"125029","M-20260915133455-315","SEDAPAL","Lima y Callao","PROGRAMADA","MANUAL","VENTANILLA","Limpieza de reservorio","A.H. Las Lomas de Ventanilla","2026-09-15 12:00:00","2026-09-15 18:00:00","Sector 286","","AGUA","","1","0","","","","MANUAL","uploads/img_20260915133455.jpg","2026-09-15 14:34:55","2026-09-15 14:34:55"
"124974","M-20260913121143-378","SEDAPAL","Lima y Callao","PROGRAMADA","MANUAL","LOS OLIVOS","Limpieza de reservorio","A.H. Enrique Milla Ochoa; A.H. San Martín; Asociación San Roque","2026-09-15 12:00:00","2026-09-15 20:00:00","Sector 84","","AGUA","","1","0","","","","MANUAL","uploads/img_20260913121143.jpg","2026-09-13 13:11:43","2026-09-13 13:11:43"
"124973","M-20260913121139-767","SEDAPAL","Lima y Callao","PROGRAMADA","MANUAL","SAN ISIDRO","Empalme de tubería","Urb. El Olivar; Urb. San Isidro; Cuadrante: Av. Arequipa, Av. Santa Cruz, Av. Felipe Pardo y Aliaga, Av. Camino Real, Calle Conde de la Monclova, Calle Raymundo Morales de La Torre","2026-09-15 12:00:00","2026-09-15 23:00:00","Sector 51","","AGUA","","1","0","","","","MANUAL","uploads/img_20260913121139.jpg","2026-09-13 13:11:39","2026-09-13 13:11:39"
"124972","M-20260913121136-128","SEDAPAL","Lima y Callao","PROGRAMADA","MANUAL","SAN ISIDRO","Ejecución de empalme","Urb. El Olivar; Urb. San Isidro; Av. Arequipa; Av. Santa Cruz; Av. Felipe Pardo y Aliaga; Av. Camino Real; Calle Conde de la Monclova; Calle Raymundo Morales de La Torre","2026-09-15 12:00:00","2026-09-15 23:00:00","Sector 51","","AGUA","","1","0","","","","MANUAL","uploads/img_20260913121136.jpg","2026-09-13 13:11:36","2026-09-13 13:11:36"
"125027","M-20260915133440-869","SEDAPAL","Lima y Callao","IMPREVISTA","MANUAL","SAN BORJA","Rotura de tubería matriz","C.R. Torres de Limatambo; Cuadrante: Jr. Alvarez Calderón, Av. Angamos Este, Calle Emilio Harth, Calle Roque Vargas","2026-09-15 11:48:00","2026-09-15 18:00:00","Sector 67","","AGUA","","1","0","","","","MANUAL","uploads/img_20260915133440.jpg","2026-09-15 14:34:40","2026-09-15 14:34:40"
"125028","M-20260915133445-209","SEDAPAL","Lima y Callao","IMPREVISTA","MANUAL","CALLAO","Reparación de rotura de tubería","A.H. Juan Velasco Alvarado; Urb. Pedro Ruiz Gallo; Urb. Tarapacá","2026-09-15 10:29:00","2026-09-15 16:25:00","Sector 102","","AGUA","","1","0","","","","MANUAL","uploads/img_20260915133445.jpg","2026-09-15 14:34:45","2026-09-15 14:34:45"
"124975","M-20260913121149-609","SEDAPAL","Lima y Callao","PROGRAMADA","MANUAL","SAN JUAN DE LURIGANCHO","Limpieza de reservorio","Agru. Fam. Victor Raúl Haya de La Torre; A.H. Bayóvar Ampliación Sector Santa Rosa; A.H. Niño Jesús; A.H. Nuevo Amanecer; Antenor Orrego Ampliación; AF Las Mercedes; AF Las Palmeras; AF Torres Cruz Blanca; A.H. Señor de Los Milagros Ampliación; AF Nueva Primavera; AF Valle Sagrado; AF La Fortaleza; AF Las Lomas de Bayóvar; Bayóvar Ampliación Ramiro Prialé; Bayóvar Ampliación 3ra zona Sector Santa Rosa y Ampl.; AF Las Lomas de Bayóvar","2026-09-15 10:00:00","2026-09-15 20:00:00","Sector 413","","AGUA","","1","0","","","","MANUAL","uploads/img_20260913121149.jpg","2026-09-13 13:11:49","2026-09-13 13:11:49"
"125024","M-20260915094528-517","SEDAPAL","Lima y Callao","IMPREVISTA","MANUAL","VILLA MARÍA DEL TRIUNFO","Baja presión en las redes","A.H. Ciudad de Gosen; A.H. Hokama; A.H. Juan Pablo II; A.H. Gracias Kelly; A.H. de Mayo; A.H. Nuevo Progreso; A.H. Por la Unión; A.H. Puyusca; A.H. Santa Rosa Conchitas; A.H. Villa Indoamérica; Pl Biohuerto; Pl Señor de Luren; Pl Villa Santa Rosa","2026-09-15 08:20:00","2026-09-15 14:00:00","Sector 313","","AGUA","","1","0","","","","MANUAL","uploads/img_20260915094528.jpg","2026-09-15 10:45:28","2026-09-15 10:45:28"
"124978","M-20260913121203-684","SEDAPAL","Lima y Callao","PROGRAMADA","MANUAL","ATE","Limpieza de reservorio","Asociación de Vivienda El Milagro de Mayo parte alta","2026-09-15 08:00:00","2026-09-15 20:00:00","Sector 176","","AGUA","","1","0","","","","MANUAL","uploads/img_20260913121203.jpg","2026-09-13 13:12:03","2026-09-13 13:12:03"
"124977","M-20260913121158-230","SEDAPAL","Lima y Callao","PROGRAMADA","MANUAL","PACHACÁMAC","Limpieza de reservorio","Asoc. Fundo Mama Sicilia; Asoc. Las Viñas; Centro Poblado Rural Matamoros; Pueblo Pachacámac","2026-09-15 08:00:00","2026-09-15 20:00:00","Sector 454","","AGUA","","1","0","","","","MANUAL","uploads/img_20260913121158.jpg","2026-09-13 13:11:58","2026-09-13 13:11:58"
"124976","M-20260913121154-164","SEDAPAL","Lima y Callao","PROGRAMADA","MANUAL","PACHACÁMAC","Limpieza de reservorio","C.P. Rural Huertos de Manchay Sector La Florida; Sector El Pedregal; C.P. Rural Huertos de Manchay y Sector El Pedregal; Sector La Florida","2026-09-15 08:00:00","2026-09-15 20:00:00","Sector 445","","AGUA","","1","0","","","","MANUAL","uploads/img_20260913121154.jpg","2026-09-13 13:11:54","2026-09-13 13:11:54"
"125023","M-20260915085432-305","SEDAPAL","Lima y Callao","IMPREVISTA","MANUAL","LA MOLINA","Afectación por tercero","Urb. Portada de La Planicie","2026-09-15 06:45:00","2026-09-15 15:00:00","Sector 196","","AGUA","","1","0","","","","MANUAL","uploads/img_20260915085432.jpg","2026-09-15 09:54:32","2026-09-15 09:54:32"
"124967","M-20260913061642-335","SEDAPAL","Lima y Callao","PROGRAMADA","MANUAL","CHORRILLOS","Limpieza de reservorio","Asociación A.R.I.A. Delicias de Villa zona I; Asociación A.R.I.A. Delicias de Villa zona II; Asociación A.R.I.A. Delicias de Villa zona III","2026-09-15 05:00:00","2026-09-15 23:00:00","Sector 92","","AGUA","","1","0","","","","MANUAL","uploads/img_20260913061642.jpg","2026-09-13 07:16:42","2026-09-13 07:16:42"
"125013","M-20260914200800-353","SEDAPAL","Lima y Callao","IMPREVISTA","MANUAL","SAN BORJA","Rotura de tubería por tercero","Urb. San Borja Sur Cuadrante: Av. Aviación, Av. Javier Prado, Av. San Luis, Av. San Borja Norte, Av. San Borja Sur","2026-09-14 19:15:00","2026-09-14 23:55:00","Sector 68","","AGUA","","1","0","","","","MANUAL","uploads/img_20260914200800.jpg","2026-09-14 21:08:00","2026-09-14 21:08:00"
"125012","M-20260914190920-701","SEDAPAL","Lima y Callao","IMPREVISTA","MANUAL","VILLA EL SALVADOR","Fuga en toma de conexión","Cercado; Cuadrante: Av. Talara, Av. Los Álamos, Av. Separadora Industrial, Av. Guardia Republicana","2026-09-14 18:50:00","2026-09-14 23:55:00","Sector 325","","AGUA","","1","0","","","","MANUAL","uploads/img_20260914190920.jpg","2026-09-14 20:09:20","2026-09-14 20:09:20"
"125009","M-20260914175935-977","SEDAPAL","Lima y Callao","IMPREVISTA","MANUAL","SAN BORJA","Reparación de rotura de tubería","Urb. San Borja Sur Cuadrante: Av. Aviación, Av. Javier Prado, Av. San Luis, Av. San Borja Norte, Av. San Borja Sur","2026-09-14 17:07:00","2026-09-14 23:55:00","Sector 68","","AGUA","","1","0","","","","MANUAL","uploads/img_20260914175935.jpg","2026-09-14 18:59:35","2026-09-14 18:59:35"
"125011","M-20260914175941-978","SEDAPAL","Lima y Callao","IMPREVISTA","MANUAL","SAN BORJA","Reparación de rotura de tubería","Urb. San Borja Sur; Cuadrante: Av. Aviación","2026-09-14 17:05:00","2026-09-14 23:55:00","Sector 68","","AGUA","","1","0","","","","MANUAL","uploads/img_20260914175941.jpg","2026-09-14 18:59:41","2026-09-14 18:59:41"
"125010","M-20260914175938-125","SEDAPAL","Lima y Callao","IMPREVISTA","MANUAL","VILLA EL SALVADOR","Fuga en toma de conexión","Cercado; Cuadrante: Av. 3 de Octubre, Av. Los Álamos, Av. Mariátegui, Av. Micaela Bastidas","2026-09-14 17:00:00","2026-09-14 23:55:00","Sector 68","","AGUA","","1","0","","","","MANUAL","uploads/img_20260914175938.jpg","2026-09-14 18:59:38","2026-09-14 18:59:38"
"125007","M-20260914154505-781","SEDAPAL","Lima y Callao","IMPREVISTA","MANUAL","ATE","Fuga en toma de conexión","Asoc. Hijos de Apurímac 3ra zona","2026-09-14 14:50:00","2026-09-14 23:50:00","Sector 158","","AGUA","","1","0","","","","MANUAL","uploads/img_20260914154505.jpg","2026-09-14 16:45:05","2026-09-14 16:45:05"
"125008","M-20260914154509-135","SEDAPAL","Lima y Callao","IMPREVISTA","MANUAL","ATE","Afectación por tercero","Coop. Vivienda Las Lomas de Palao - Esq. Piérola; Asoc. Viv. La Roncadora","2026-09-14 14:05:00","2026-09-14 22:05:00","Sector 177","","AGUA","","1","0","","","","MANUAL","uploads/img_20260914154509.jpg","2026-09-14 16:45:09","2026-09-14 16:45:09"
"124935","M-20260912082800-245","SEDAPAL","Lima y Callao","PROGRAMADA","MANUAL","LA MOLINA","Limpieza de reservorio","Coop. Vivienda Musa I, II y III etapa; Asoc. Los Arbolitos; Urb. Sol de La Molina II y III etapa","2026-09-14 14:00:00","2026-09-14 23:50:00","Sector 197","","AGUA","","1","0","","","","MANUAL","uploads/img_20260912082800.jpg","2026-09-12 09:28:00","2026-09-12 09:28:00"
"124939","M-20260912091954-340","SEDAPAL","Lima y Callao","PROGRAMADA","MANUAL","SAN JUAN DE LURIGANCHO","Limpieza de reservorio","A.H. Bayóvar; Ampl. Héroes de Tiwinza de Bayóvar; A.H. 13 de Octubre; AF Ciudad Luz; P.J. San Salvador; AF Virgen del Carmen; Agru. Siglo XXI; A.H. Sta Cruz de Vista Alegre; A.H. Nuevo San Salvador; A.H. 22 de Noviembre Ampl.; A.H. Tiwinza Ampl.; A.H. San Miguel de Pollopampa; Ampliación F2 Parcela A; AF Tierra Prometida; AF Alfonso Ugarte Héroes de Tiwinza; A.H. U.P. Sector Los Hijos de Ramon Castilla; Sector Hijos de Ramon Castilla Ampl.; A.H. Santa Cruz; A.H. Balcón de Bayóvar; A.H. Los Amautas; AF Lourdes Camones","2026-09-14 13:00:00","2026-09-14 20:00:00","Sector 413","","AGUA","","1","0","","","","MANUAL","uploads/img_20260912091954.jpg","2026-09-12 10:19:54","2026-09-12 10:19:54"
"124999","M-20260914110157-867","SEDAPAL","Lima y Callao","PROGRAMADA","MANUAL","LA PERLA","Empalme de tubería","Urb. Benjamín Doig; Urb. Sima; Urb. Bata Rímac; APV Empleados Municipales de San Miguel; CPV Compañía Peruana de Valores La Estancia","2026-09-14 10:00:00","2026-09-14 16:00:00","Sector 105","","AGUA","","1","0","","","","MANUAL","uploads/img_20260914110157.jpg","2026-09-14 12:01:57","2026-09-14 12:01:57"
"125000","M-20260914110202-308","SEDAPAL","Lima y Callao","IMPREVISTA","MANUAL","VILLA MARÍA DEL TRIUNFO","Rotura de tubería matriz","A.H. Ciudad de Gosen; A.H. Hokama; A.H. Juan Pablo II; A.H. Grace Kelly; A.H. 1 de Mayo; A.H. Nuevo Progreso 2da etapa; A.H. Por la Unión; A.H. Puyusca; A.H. Santa Rosa Conchitas; A.H. Villa Indoamérica; P.I. Biohuerto; P.I. Señor de Luren; P.I. Villa Santa Rosa","2026-09-14 07:30:00","2026-09-14 17:30:00","Sector 313","","AGUA","","1","0","","","","MANUAL","uploads/img_20260914110202.jpg","2026-09-14 12:02:02","2026-09-14 12:02:02"
"125003","M-20260914110226-337","SEDAPAL","Lima y Callao","IMPREVISTA","MANUAL","SAN JUAN DE MIRAFLORES","Fuga en toma de conexión","P.J. Buenos Milagros; Cuadrante: Av. Edilberto Ramos, Av. Centenario, Jr. Los Diamantes, Av. 3 de Julio","2026-09-14 07:24:00","2026-09-14 16:00:00","Sector 301","","AGUA","","1","0","","","","MANUAL","uploads/img_20260914110226.jpg","2026-09-14 12:02:26","2026-09-14 12:02:26"
"125002","M-20260914110220-409","SEDAPAL","Lima y Callao","PROGRAMADA","MANUAL","LA MOLINA","Reparación en la toma","Urb. Covima; Urb. Santa Patricia 3ra etapa; Urb. Mayorazgo 3ra etapa","2026-09-14 07:05:00","2026-09-14 15:05:00","Sector 192","","AGUA","","1","0","","","","MANUAL","uploads/img_20260914110220.jpg","2026-09-14 12:02:20","2026-09-14 12:02:20"
"124998","M-20260914110150-978","SEDAPAL","Lima y Callao","PROGRAMADA","MANUAL","LURIGANCHO","Mantenimiento del equipo principal de bombeo","Urb. Los Girasoles de Huampaní","2026-09-14 07:00:00","2026-09-14 23:00:00","Sector 140","","AGUA","","1","0","","","","MANUAL","uploads/img_20260914110150.jpg","2026-09-14 12:01:50","2026-09-14 12:01:50"
"125006","M-20260914154453-592","SEDAPAL","Lima y Callao","IMPREVISTA","MANUAL","ATE","Rotura de tubería matriz","A.H. Huaycán zona P","2026-09-14 06:50:00","2026-09-14 22:50:00","Sector 151","","AGUA","","1","0","","","","MANUAL","uploads/img_20260914154453.jpg","2026-09-14 16:44:54","2026-09-14 16:44:54"
"125001","M-20260914110215-779","SEDAPAL","Lima y Callao","IMPREVISTA","MANUAL","ATE","Rotura de tubería matriz","A.H. Huaycán zona P","2026-09-14 06:50:00","2026-09-14 15:00:00","Sector 151","","AGUA","","1","0","","","","MANUAL","uploads/img_20260914110215.jpg","2026-09-14 12:02:15","2026-09-14 12:02:15"
"124987","M-20260913184702-997","SEDAPAL","Lima y Callao","PROGRAMADA","MANUAL","LURIGANCHO","Desmontaje y mantenimiento de equipo de bombeo","A.H. Alto Huampaní","2026-09-13 17:05:00","2026-09-14 08:00:00","Sector 140","","AGUA","","1","0","","","","MANUAL","uploads/img_20260913184702.jpg","2026-09-13 19:47:02","2026-09-13 19:47:02"
"124988","M-20260913184706-126","SEDAPAL","Lima y Callao","IMPREVISTA","MANUAL","SAN JUAN DE LURIGANCHO","Pozo paralizado","A.H. José C. Mariátegui 2da Ampliación","2026-09-13 16:27:00","2026-09-13 22:00:00","Sector 417","","AGUA","","1","0","","","","MANUAL","uploads/img_20260913184706.jpg","2026-09-13 19:47:06","2026-09-13 19:47:06"
"124989","M-20260913184711-387","SEDAPAL","Lima y Callao","IMPREVISTA","MANUAL","SAN ISIDRO","Rotura de tubería matriz","Urb. San Isidro; Cuadrante: Av. Arequipa, Av. Santa Cruz, Av. Pardo y Aliaga, Av. República","2026-09-13 15:04:00","2026-09-13 21:00:00","Sector 51","","AGUA","","1","0","","","","MANUAL","uploads/img_20260913184711.jpg","2026-09-13 19:47:11","2026-09-13 19:47:11"
"124979","M-20260913160645-745","SEDAPAL","Lima y Callao","IMPREVISTA","MANUAL","ATE","Reparación en la toma","Cooperativa Las Palmeras; Asoc. Cerámicos Kar; Asoc. Fundo La Pascana; Asoc. Residencial Villa Susana; Urb. Alejandro Álvarez","2026-09-13 11:45:00","2026-09-13 16:45:00","Sector 173","","AGUA","","1","0","","","","MANUAL","uploads/img_20260913160645.jpg","2026-09-13 17:06:45","2026-09-13 17:06:45"
"124980","M-20260913160648-568","SEDAPAL","Lima y Callao","IMPREVISTA","MANUAL","PUENTE PIEDRA","Pozo paralizado","Asoc. de Vivienda Paraíso del Norte; Urb. San Antonio de Carabayllo 7; Urb. San Antonio de Carabayllo 4; Asoc. de Vivienda Santa Inés de Carabayllo (sector 380)","2026-09-13 11:15:00","2026-09-13 20:00:00","Sectores 361, 366, 367, 382, 383, 380","","AGUA","","1","0","","","","MANUAL","uploads/img_20260913160648.jpg","2026-09-13 17:06:48","2026-09-13 17:06:48"
"124981","M-20260913160652-135","SEDAPAL","Lima y Callao","IMPREVISTA","MANUAL","VILLA MARÍA DEL TRIUNFO","Fuga en toma de conexión","A.H. Nuevo Progreso 2da etapa; A.H. Nuevo Progreso; A.H. 1ro de Mayo","2026-09-13 10:40:00","2026-09-13 16:00:00","Sector 313","","AGUA","","1","0","","","","MANUAL","uploads/img_20260913160652.jpg","2026-09-13 17:06:52","2026-09-13 17:06:52"
"124968","M-20260913121120-722","SEDAPAL","Lima y Callao","IMPREVISTA","MANUAL","LA MOLINA","Fuga en toma de conexión","Urb. La Molina Real; Urb. El Sol de La Molina 2da etapa","2026-09-13 07:10:00","2026-09-13 15:10:00","Sector 197","","AGUA","","1","0","","","","MANUAL","uploads/img_20260913121120.jpg","2026-09-13 13:11:20","2026-09-13 13:11:20"
"124969","M-20260913121124-595","SEDAPAL","Lima y Callao","PROGRAMADA","MANUAL","LURIGANCHO","Desmontaje y mantenimiento del equipo de bombeo","Afecta al sector 140","2026-09-13 07:00:00","2026-09-13 17:00:00","Sector 140","","AGUA","","1","0","","","","MANUAL","uploads/img_20260913121124.jpg","2026-09-13 13:11:24","2026-09-13 13:11:24"
"124970","M-20260913121129-492","SEDAPAL","Lima y Callao","PROGRAMADA","MANUAL","LURIGANCHO","Desmontaje y mantenimiento del equipo de bombeo","Urb. Los Girasoles de Huampaní","2026-09-13 06:46:00","2026-09-13 17:00:00","Sector 140","","AGUA","","1","0","","","","MANUAL","uploads/img_20260913121129.jpg","2026-09-13 13:11:29","2026-09-13 13:11:29"
"124960","M-20260912224746-668","SEDAPAL","Lima y Callao","IMPREVISTA","MANUAL","COMAS","Reparación de rotura de tubería","Urb. La Alborada; Urb. Pop. San Carlos","2026-09-12 20:15:00","2026-09-12 23:50:00","Sector 347","","AGUA","","1","0","","","","MANUAL","uploads/img_20260912224746.jpg","2026-09-12 23:47:46","2026-09-12 23:47:46"
"124963","M-20260912224758-761","SEDAPAL","Lima y Callao","IMPREVISTA","MANUAL","VILLA MARÍA DEL TRIUNFO","Baja presión en las redes","P.J. José Carlos Mariátegui Sector Santa Rosa y Belén; Cercado; P.J. Hogar Policial; P.J. José Carlos Mariátegui Sector San Gabriel Bajo; P.J. San Gabriel","2026-09-12 19:01:00","2026-09-12 23:00:00","Sector 311","","AGUA","","1","0","","","","MANUAL","uploads/img_20260912224758.jpg","2026-09-12 23:47:58","2026-09-12 23:47:58"
"124959","M-20260912224741-521","SEDAPAL","Lima y Callao","IMPREVISTA","MANUAL","SAN JUAN DE LURIGANCHO","Falla eléctrica","A.H. José Carlos Mariátegui","2026-09-12 17:37:00","2026-09-12 23:37:00","Sector 417","","AGUA","","1","0","","","","MANUAL","uploads/img_20260912224741.jpg","2026-09-12 23:47:41","2026-09-12 23:47:41"
"124955","M-20260912172824-354","SEDAPAL","Lima y Callao","IMPREVISTA","MANUAL","SAN BORJA","Rotura de tubería matriz","C.R. Torres de Limatambo Cuadrante: Jr. Alvarez Calderón, Av. Angamos Este, Calle Emilio Harth, Calle Roque Vargas","2026-09-12 14:00:00","2026-09-12 20:00:00","Sector 67","","AGUA","","1","0","","","","MANUAL","uploads/img_20260912172824.jpg","2026-09-12 18:28:24","2026-09-12 18:28:24"
"124893","M-20260910081432-111","SEDAPAL","Lima y Callao","PROGRAMADA","MANUAL","ATE","Limpieza de reservorio","A.H. Huaycán zona T; UCV 219 - 220 - 221 - 222 - 223","2026-09-12 14:00:00","2026-09-12 23:50:00","Sector 152","","AGUA","","1","0","","","","MANUAL","uploads/img_20260910081432.jpg","2026-09-10 09:14:32","2026-09-10 09:14:32"
"124962","M-20260912224754-530","SEDAPAL","Lima y Callao","IMPREVISTA","MANUAL","SAN BORJA","Rotura de tubería matriz","C.R. Torres de Limatambo; Jr. Alvarez Calderón; Av. Angamos Este; Calle Emilio Harth; Calle Roque Vargas","2026-09-12 13:59:00","2026-09-12 22:00:00","Sector 67","","AGUA","","1","0","","","","MANUAL","uploads/img_20260912224754.jpg","2026-09-12 23:47:54","2026-09-12 23:47:54"
"124956","M-20260912172829-250","SEDAPAL","Lima y Callao","IMPREVISTA","MANUAL","SAN BORJA","Rotura de tubería matriz","C.R. Torres de Limatambo, Cuadrante: Jr. Alvarez Calderón, Av. Angamos Este, Calle Emilio Harth, Calle Roque Vargas","2026-09-12 13:59:00","2026-09-12 20:00:00","Sector 67","","AGUA","","1","0","","","","MANUAL","uploads/img_20260912172829.jpg","2026-09-12 18:28:29","2026-09-12 18:28:29"
"124964","M-20260912224801-337","SEDAPAL","Lima y Callao","IMPREVISTA","MANUAL","LA MOLINA","Rotura de tubería matriz","Urb. Camacho","2026-09-12 13:15:00","2026-09-12 21:15:00","Sector 191","","AGUA","","1","0","","","","MANUAL","uploads/img_20260912224801.jpg","2026-09-12 23:48:01","2026-09-12 23:48:01"
"124943","M-20260912154304-597","SEDAPAL","Lima y Callao","IMPREVISTA","MANUAL","LA MOLINA","Rotura de tubería matriz","Urb. Camacho","2026-09-12 13:15:00","2026-09-12 19:15:00","Sector 191","","AGUA","","1","0","","","","MANUAL","uploads/img_20260912154304.jpg","2026-09-12 16:43:04","2026-09-12 16:43:04"
"124952","M-20260912154344-444","SEDAPAL","Lima y Callao","PROGRAMADA","MANUAL","VENTANILLA","Limpieza de reservorio","A.H. Hijos de Ventanilla - Zona 4","2026-09-12 12:00:00","2026-09-12 18:00:00","Sector 279","","AGUA","","1","0","","","","MANUAL","uploads/img_20260912154344.jpg","2026-09-12 16:43:44","2026-09-12 16:43:44"
"124948","M-20260912154332-325","SEDAPAL","Lima y Callao","IMPREVISTA","MANUAL","SANTIAGO DE SURCO","Baja presión en las redes","Cercado","2026-09-12 11:00:00","2026-09-12 18:00:00","Sectores 59 y 125","","AGUA","","1","0","","","","MANUAL","uploads/img_20260912154332.jpg","2026-09-12 16:43:32","2026-09-12 16:43:32"
"124947","M-20260912154329-683","SEDAPAL","Lima y Callao","IMPREVISTA","MANUAL","CHORRILLOS","Rotura de tubería matriz","Urb. La Encantada; Alameda Marquéz de la Bula; Av. Alameda Don Augusto; Av. Hernando De Lavalle","2026-09-12 11:00:00","2026-09-12 18:00:00","Sector 94","","AGUA","","1","0","","","","MANUAL","uploads/img_20260912154329.jpg","2026-09-12 16:43:29","2026-09-12 16:43:29"
"124966","M-20260912224808-645","SEDAPAL","Lima y Callao","IMPREVISTA","MANUAL","CHORRILLOS","Rotura de tubería matriz","Urb. La Encantada 3ra etapa; Cuadrante: Alameda Marquéz de la Bula, Av. Alameda Don Augusto, Av. Hernando De Lavalle","2026-09-12 10:57:00","2026-09-12 21:00:00","Sector 94","","AGUA","","1","0","","","","MANUAL","uploads/img_20260912224808.jpg","2026-09-12 23:48:08","2026-09-12 23:48:08"
"124946","M-20260912154324-750","SEDAPAL","Lima y Callao","IMPREVISTA","MANUAL","CHORRILLOS","Rotura de tubería matriz","Urb. La Encantada 3ra etapa Cuadrante: Alameda Marquéz de la Bula, Av. Alameda Don Augusto, Av. Hernando De Lavalle","2026-09-12 10:57:00","2026-09-12 18:00:00","Sector 94","","AGUA","","1","0","","","","MANUAL","uploads/img_20260912154324.jpg","2026-09-12 16:43:24","2026-09-12 16:43:24"
"124965","M-20260912224804-724","SEDAPAL","Lima y Callao","IMPREVISTA","MANUAL","SANTIAGO DE SURCO","Baja presión en las redes","Cercado","2026-09-12 10:34:00","2026-09-12 21:00:00","Sectores 59 y 125","","AGUA","","1","0","","","","MANUAL","uploads/img_20260912224804.jpg","2026-09-12 23:48:04","2026-09-12 23:48:04"
"124961","M-20260912224750-426","SEDAPAL","Lima y Callao","IMPREVISTA","MANUAL","SANTIAGO DE SURCO","Baja presión en las redes","Cercado","2026-09-12 10:34:00","2026-09-12 23:00:00","Sectores 59 y 125","","AGUA","","1","0","","","","MANUAL","uploads/img_20260912224750.jpg","2026-09-12 23:47:50","2026-09-12 23:47:50"
"124950","M-20260912154338-431","SEDAPAL","Lima y Callao","IMPREVISTA","MANUAL","SANTIAGO DE SURCO","Baja presión en las redes","Cercado","2026-09-12 10:34:00","2026-09-12 18:00:00","Sectores 59 y 125","","AGUA","","1","0","","","","MANUAL","uploads/img_20260912154338.jpg","2026-09-12 16:43:38","2026-09-12 16:43:38"
"124953","M-20260912172815-994","SEDAPAL","Lima y Callao","IMPREVISTA","MANUAL","PUENTE PIEDRA","Sobrecarga hidráulica de colector","Asoc. de Repr. de Prop. Lotiz. Chavín de Huantar III etapa; sectores 361, 366, 367, 382, 383","2026-09-12 10:30:00","2026-09-12 18:30:00","Sectores 361, 366, 367, 382, 383","","AGUA","","1","0","","","","MANUAL","uploads/img_20260912172815.jpg","2026-09-12 18:28:15","2026-09-12 18:28:15"
"124949","M-20260912154335-688","SEDAPAL","Lima y Callao","IMPREVISTA","MANUAL","PUENTE PIEDRA","Sobrecarga hidráulica de colector","Asoc. de Repr. de Prop. Lotiz. Chavín de Huantar III etapa; sectores 361, 366, 367, 382, 383","2026-09-12 10:30:00","2026-09-12 15:30:00","Sectores 361, 366, 367, 382, 383","","AGUA","","1","0","","","","MANUAL","uploads/img_20260912154335.jpg","2026-09-12 16:43:35","2026-09-12 16:43:35"
"124957","M-20260912172833-622","SEDAPAL","Lima y Callao","IMPREVISTA","MANUAL","VILLA MARÍA DEL TRIUNFO","Reparación de rotura de tubería","P.J. Inca Pachacútec Sector Micaela Bastidas; P.J. Micaela Bastidas; A.H. Juan Velasco Alvarado; Urb. Villa Jardín","2026-09-12 10:20:00","2026-09-12 19:00:00","Sector 305","","AGUA","","1","0","","","","MANUAL","uploads/img_20260912172833.jpg","2026-09-12 18:28:33","2026-09-12 18:28:33"
"124951","M-20260912154342-552","SEDAPAL","Lima y Callao","IMPREVISTA","MANUAL","VILLA MARÍA DEL TRIUNFO","Reparación de rotura de tubería","P.J. Inca Pachacútec Sector Micaela Bastidas; P.J. Micaela Bastidas; A.H. Juan Velasco Alvarado","2026-09-12 10:20:00","2026-09-12 19:00:00","Sector 305","","AGUA","","1","0","","","","MANUAL","uploads/img_20260912154342.jpg","2026-09-12 16:43:42","2026-09-12 16:43:42"
"124954","M-20260912172819-286","SEDAPAL","Lima y Callao","PROGRAMADA","MANUAL","SAN JUAN DE LURIGANCHO","Mantenimiento de cámara de rebombeo","Urb. Mariscal Cáceres","2026-09-12 09:37:00","2026-09-12 15:30:00","Sectores 416, 417, 419","","AGUA","","1","0","","","","MANUAL","uploads/img_20260912172819.jpg","2026-09-12 18:28:19","2026-09-12 18:28:19"
"124894","M-20260910081440-565","SEDAPAL","Lima y Callao","PROGRAMADA","MANUAL","ATE","Limpieza de reservorio","A.H. Huaycán zona S; UCV 208 - 210 - 215 - 218","2026-09-12 08:00:00","2026-09-12 20:00:00","Sector 151","","AGUA","","1","0","","","","MANUAL","uploads/img_20260910081440.jpg","2026-09-10 09:14:40","2026-09-10 09:14:40"
"124958","M-20260912172837-225","SEDAPAL","Lima y Callao","PROGRAMADA","MANUAL","COMAS","Trabajos de mantenimiento en las redes","Coop. Pablo VI; P.J. El Progreso; A.H. Año Nuevo","2026-09-12 07:18:00","2026-09-12 15:00:00","Sector 344","","AGUA","","1","0","","","","MANUAL","uploads/img_20260912172837.jpg","2026-09-12 18:28:37","2026-09-12 18:28:37"
"124941","M-20260912092921-537","SEDAPAL","Lima y Callao","PROGRAMADA","MANUAL","COMAS","Trabajos de mantenimiento en las redes","Coop. Pablo VI; P.J. El Progreso; A.H. Año Nuevo","2026-09-12 07:18:00","2026-09-12 13:00:00","Sector 344","","AGUA","","1","0","","","","MANUAL","uploads/img_20260912092921.jpg","2026-09-12 10:29:21","2026-09-12 10:29:21"
"124944","M-20260912154310-541","SEDAPAL","Lima y Callao","PROGRAMADA","MANUAL","LURIGANCHO","Desmontaje y mantenimiento del equipo de bombeo","sector 140","2026-09-12 07:00:00","2026-09-12 23:55:00","Sector 140","","AGUA","","1","0","","","","MANUAL","uploads/img_20260912154310.jpg","2026-09-12 16:43:10","2026-09-12 16:43:10"
"124942","M-20260912093217-795","SEDAPAL","Lima y Callao","PROGRAMADA","MANUAL","LURIGANCHO","Desmontaje y mantenimiento del equipo de bombeo","sector 140","2026-09-12 07:00:00","2026-09-12 11:55:00","Sector 140","","AGUA","","1","0","","","","MANUAL","uploads/img_20260912093217.jpg","2026-09-12 10:32:17","2026-09-12 10:32:17"
"124945","M-20260912154315-123","SEDAPAL","Lima y Callao","PROGRAMADA","MANUAL","LURIGANCHO","Desmontaje del equipo de bombeo","Urb. Los Girasoles de Huampaní","2026-09-12 06:55:00","2026-09-12 23:55:00","Sector 140","","AGUA","","1","0","","","","MANUAL","uploads/img_20260912154315.jpg","2026-09-12 16:43:15","2026-09-12 16:43:15"
"124940","M-20260912092432-715","SEDAPAL","Lima y Callao","PROGRAMADA","MANUAL","LURIGANCHO","Desmontaje del equipo de bombeo","Urb. Los Girasoles de Huampaní","2026-09-12 06:55:00","2026-09-12 11:55:00","Sector 140","","AGUA","","1","0","","","","MANUAL","uploads/img_20260912092432.jpg","2026-09-12 10:24:32","2026-09-12 10:24:32"
"124938","M-20260912091948-831","SEDAPAL","Lima y Callao","PROGRAMADA","MANUAL","ATE","Mantenimiento de válvula de control","A.H. Huaycán zona K; A.H. Huaycán zona M","2026-09-12 06:00:00","2026-09-12 14:00:00","Sector 152","","AGUA","","1","0","","","","MANUAL","uploads/img_20260912091948.jpg","2026-09-12 10:19:48","2026-09-12 10:19:48"
"124937","M-20260912091944-242","SEDAPAL","Lima y Callao","IMPREVISTA","MANUAL","ATE","Rotura de tubería matriz","Asoc. Hijos de Apurímac 4ta zona; Asoc. Hijos de Apurímac 5ta zona; Asoc. Hijos de Apurímac 6ta zona","2026-09-12 06:00:00","2026-09-12 14:00:00","Sector 158","","AGUA","","1","0","","","","MANUAL","uploads/img_20260912091944.jpg","2026-09-12 10:19:44","2026-09-12 10:19:44"
"124934","M-20260912072313-236","SEDAPAL","Lima y Callao","IMPREVISTA","MANUAL","SANTIAGO DE SURCO","Rotura de tubería matriz","Cercado; Av. Jorge Chávez; Av. Santo Cristo; Av. Paseo de la República; Av. La Castellana; Av. Roosevelt","2026-09-12 02:50:00","2026-09-12 08:00:00","Sectores 59 y 125","","AGUA","","1","0","","","","MANUAL","uploads/img_20260912072313.jpg","2026-09-12 08:23:13","2026-09-12 08:23:13"
"124936","M-20260912091939-521","SEDAPAL","Lima y Callao","IMPREVISTA","MANUAL","SANTIAGO DE SURCO","Rotura de tubería matriz","Cercado; Av. Jorge Chávez; Av. Santo Cristo; Av. Paseo de la República; Av. La Castellana; Av. Roosevelt","2026-09-12 00:37:00","2026-09-12 08:30:00","Sector 125","","AGUA","","1","0","","","","MANUAL","uploads/img_20260912091939.jpg","2026-09-12 10:19:39","2026-09-12 10:19:39"
"124932","M-20260911184907-699","SEDAPAL","Lima y Callao","IMPREVISTA","MANUAL","VILLA EL SALVADOR","Reparación de rotura de tubería","Cercado; Cuadrante: Av. Los Ángeles, Av. Central, Av. Separadora Industrial, Av. 1ro de Mayo","2026-09-11 18:26:00","2026-09-11 23:59:00","Sector 316","","AGUA","","1","0","","","","MANUAL","uploads/img_20260911184907.jpg","2026-09-11 19:49:07","2026-09-11 19:49:07"
"124926","M-20260911184733-332","SEDAPAL","Lima y Callao","PROGRAMADA","MANUAL","ATE","Mantenimiento de válvula de control","A.H. Huaycán zona K; A.H. Huaycán zona M","2026-09-11 15:25:00","2026-09-11 23:55:00","Sector 152","","AGUA","","1","0","","","","MANUAL","uploads/img_20260911184733.jpg","2026-09-11 19:47:33","2026-09-11 19:47:33"
"124927","M-20260911184738-734","SEDAPAL","Lima y Callao","IMPREVISTA","MANUAL","SAN ISIDRO","Rotura de tubería por tercero","Urb. Los Rosales; Sector 28","2026-09-11 15:00:00","2026-09-11 21:00:00","Sector 28","","AGUA","","1","0","","","","MANUAL","uploads/img_20260911184738.jpg","2026-09-11 19:47:38","2026-09-11 19:47:38"
"124929","M-20260911184744-139","SEDAPAL","Lima y Callao","IMPREVISTA","MANUAL","SAN ISIDRO","Rotura de tubería matriz","Urb. Los Rosales; Sector 28","2026-09-11 14:42:00","2026-09-11 21:00:00","Sector 28","","AGUA","","1","0","","","","MANUAL","uploads/img_20260911184744.jpg","2026-09-11 19:47:44","2026-09-11 19:47:44"
"124930","M-20260911184749-521","SEDAPAL","Lima y Callao","PROGRAMADA","MANUAL","LURIGANCHO","Desmontaje de equipo de bombeo por baja producción","Urb. Los Girasoles de Huampaní","2026-09-11 13:49:00","2026-09-11 23:50:00","Sector 140","","AGUA","","1","0","","","","MANUAL","uploads/img_20260911184749.jpg","2026-09-11 19:47:49","2026-09-11 19:47:49"
"124867","M-20260909081741-340","SEDAPAL","Lima y Callao","PROGRAMADA","MANUAL","LA MOLINA","Limpieza de reservorio","Urb. Sol de La Molina I y II etapa; Urb. Las Lagunas de La Molina I, II y III etapa; Urb. El Mástil de La Laguna; Cuadrante: Av. Elías Aparicio, Av. El Lindero, Av. La Molina, Av. Laguna Grande","2026-09-11 13:00:00","2026-09-11 23:50:00","Sector 196","","AGUA","","1","0","","","","MANUAL","uploads/img_20260909081741.jpg","2026-09-09 09:17:41","2026-09-09 09:17:41"
"124920","M-20260911130454-700","SEDAPAL","Lima y Callao","IMPREVISTA","MANUAL","SANTIAGO DE SURCO","Rotura de tubería matriz","Cercado Cuadrante: Av. Jorge Chávez, Av. Santo Cristo, Av. Paseo de la República, Av. La Castellana, Av. Roosevelt","2026-09-11 12:50:00","2026-09-11 19:00:00","Sectores 59 y 125","","AGUA","","1","0","","","","MANUAL","uploads/img_20260911130454.jpg","2026-09-11 14:04:54","2026-09-11 14:04:54"
"124925","M-20260911184728-537","SEDAPAL","Lima y Callao","IMPREVISTA","MANUAL","SANTIAGO DE SURCO","Rotura de tubería matriz","Cercado Cuadrante: Av. Jorge Chávez, Av. Santo Cristo, Av. Paseo de la República, Av. La Castellana, Av. Roosevelt","2026-09-11 12:37:00","2026-09-11 22:00:00","Sector 125","","AGUA","","1","0","","","","MANUAL","uploads/img_20260911184728.jpg","2026-09-11 19:47:28","2026-09-11 19:47:28"
"124921","M-20260911130459-422","SEDAPAL","Lima y Callao","IMPREVISTA","MANUAL","SANTIAGO DE SURCO","Rotura de tubería matriz","Cercado; Cuadrante: Av. Jorge Chávez, Av. Santo Cristo, Av. Paseo de la República, Av. La Castellana, Av. Roosevelt","2026-09-11 12:37:00","2026-09-11 19:00:00","Sector 125","","AGUA","","1","0","","","","MANUAL","uploads/img_20260911130459.jpg","2026-09-11 14:04:59","2026-09-11 14:04:59"
"124868","M-20260909081746-317","SEDAPAL","Lima y Callao","PROGRAMADA","MANUAL","INDEPENDENCIA","Limpieza de reservorio","A.H. Ampliación Las Américas; A.H. Las Américas; A.H. El Paraíso; A.H. La Paz; U. Pop. Tahuantinsuyo","2026-09-11 12:00:00","2026-09-11 20:00:00","Sector 334","","AGUA","","1","0","","","","MANUAL","uploads/img_20260909081746.jpg","2026-09-09 09:17:46","2026-09-09 09:17:46"
"124931","M-20260911184752-364","SEDAPAL","Lima y Callao","PROGRAMADA","MANUAL","LURIGANCHO","Desmontaje de equipo de bombeo","sector 140","2026-09-11 11:55:00","2026-09-11 23:55:00","Sector 140","","AGUA","","1","0","","","","MANUAL","uploads/img_20260911184752.jpg","2026-09-11 19:47:52","2026-09-11 19:47:52"
"124928","M-20260911184741-438","SEDAPAL","Lima y Callao","IMPREVISTA","MANUAL","VILLA EL SALVADOR","Rotura de tubería matriz","Cercado; Cuadrante: Av. Modelo, Av. Revolución, Av. 1ro de Mayo, Av. Separadora Industrial","2026-09-11 09:00:00","2026-09-11 19:00:00","Sector 317","","AGUA","","1","0","","","","MANUAL","uploads/img_20260911184741.jpg","2026-09-11 19:47:41","2026-09-11 19:47:41"
"124883","M-20260909193024-666","SEDAPAL","Lima y Callao","PROGRAMADA","MANUAL","SAN JUAN DE LURIGANCHO","Limpieza de reservorio","A.H. Integ., Manos Unidas Sector Los Ángeles","2026-09-11 09:00:00","2026-09-11 22:00:00","Sector 417","","AGUA","","1","0","","","","MANUAL","uploads/img_20260909193024.jpg","2026-09-09 20:30:24","2026-09-09 20:30:24"
"124870","M-20260909081800-991","SEDAPAL","Lima y Callao","PROGRAMADA","MANUAL","SAN JUAN DE LURIGANCHO","Limpieza de Reservorio","A.H. José C. Mariátegui (Las Galeras); A.H. Somos Libres; A.H. Esmeralda de Los Andes; A.H. Cruz de Motupe Gpo I; A.H. Enrique Montenegro; A.H. Nueva Esperanza; A.H. Integ. Solid. y Prog. Sector Los Jardines Ampl.; A.H. Peruanos Unidos Sector Alberto Fujimori; A.H. Jesús de Nazareth - Sector Sol de Los Andes; A.H. José C. Mariátegui 2da Ampl.; A.H. Vista Alegre Cerro Mirador; Urb. Mariscal Cáceres Sector III; A.H. Integ. Manos Unidas Sector Corazón de Jesús II y Sector Corazón de Jesús III; A.H. Corazón de Jesús; A.H. Simón Bolívar I; A.H. José Olaya Ampliac.; AF Santo Toribio; AF José Olaya II Ampliac.; A.H. Integ. San José Sector José Olaya, A.H. 28 de Febrero; P.J. 10 de Marzo.","2026-09-11 09:00:00","2026-09-11 22:00:00","Sector 417","","AGUA","","1","0","","","","MANUAL","uploads/img_20260909081800.jpg","2026-09-09 09:18:00","2026-09-09 09:18:00"
"124869","M-20260909081752-580","SEDAPAL","Lima y Callao","PROGRAMADA","MANUAL","SAN JUAN DE LURIGANCHO","Limpieza de Reservorio","A.H. 10 de Marzo; A.H. Integ. Almte Grau Sector Héroes de Cenepa; A.H. Integ. Almte Grau Sector Los Cipreses; A.H. Los Unidos; A.H. Integ. Nuevo Perú Sector 1ro de Enero de Montenegro; A.H. Integ. Nuevo Perú Sector Buena Vista; A.H. Isabel Flores de Oliva; A.H. Integ. Nvo Perú Sector Virgen del Rosario Ampliac.; AF Nuevo Amanecer II; A.H. Integ. Virgen de Fátima Sector Cerrito Rico; A.H. 1 de Mayo; A.H. Nuevo Santa Cruz; A.H. Peruanos Unidos Sector El Amauta; A.H. Peruanos Unidos (Cristo es Vida); AF Patria Unida; Agru. José Olaya II; AF Cristo de Pachacamilla; AF Villa Maestro; A.H. San José Obrero; A.H. Unión y Prog. Sector Los Claveles; A.H. Cangallo; A.H. Juan Landázuri Ricketts; A.H. Peruanos Unidos Sector Los Cibeles","2026-09-11 09:00:00","2026-09-11 22:00:00","Sector 417","","AGUA","","1","0","","","","MANUAL","uploads/img_20260909081752.jpg","2026-09-09 09:17:52","2026-09-09 09:17:52"
"124871","M-20260909081809-460","SEDAPAL","Lima y Callao","PROGRAMADA","MANUAL","SANTA ANITA","Limpieza de reservorio","Coop. Virgen de las Nieves; A.H. Terrazas de Santa Anita; A.H. Los Eucaliptos; A.H. Las Malvinas; A.H. Alegres; A.H. Cristo Rey; A.H. Terrazas de Perales; A.H. Los Hijos de Perales; Coop. Manuel Correa; Coop. Santa Rosa de Quilves; Urb. La Achirana I etapa; P.J. Los Perales","2026-09-11 08:00:00","2026-09-11 20:00:00","Sector 77","","AGUA","","1","0","","","","MANUAL","uploads/img_20260909081809.jpg","2026-09-09 09:18:09","2026-09-09 09:18:09"
"124866","M-20260909055907-307","SEDAPAL","Lima y Callao","PROGRAMADA","MANUAL","CHORRILLOS","Limpieza y desinfección de reservorio","A.H. Buenos Aires de Villa; Cooperativa José Olaya","2026-09-11 05:00:00","2026-09-11 21:00:00","Sector 91","","AGUA","","1","0","","","","MANUAL","uploads/img_20260909055907.jpg","2026-09-09 06:59:07","2026-09-09 06:59:07"
"124924","M-20260911170350-739","SEDAPAL","Lima y Callao","IMPREVISTA","MANUAL","LIMA CERCADO","Reparación de rotura de tubería","Barrios Altos; Cercado; Cuadrante: Jr. Huánuco, Av. Grau, Jr. Huanta, Jr. Antonio Miró Quesada","2026-09-11 01:15:00","2026-09-11 13:00:00","Sector 8","","AGUA","","1","0","","","","MANUAL","uploads/img_20260911170350.jpg","2026-09-11 18:03:50","2026-09-11 18:03:50"
"124923","M-20260911170346-440","SEDAPAL","Lima y Callao","IMPREVISTA","MANUAL","VILLA EL SALVADOR","Afectación por tercero","Cercado","2026-09-10 21:51:00","2026-09-11 04:00:00","Sectores 311, 317, 330 y 305","","AGUA","","1","0","","","","MANUAL","uploads/img_20260911170346.jpg","2026-09-11 18:03:46","2026-09-11 18:03:46"
"124922","M-20260911170342-782","SEDAPAL","Lima y Callao","IMPREVISTA","MANUAL","VILLA EL SALVADOR","Afectación por tercero","Cercado","2026-09-10 21:51:00","2026-09-11 05:00:00","Sectores 311, 317, 330 y 305","","AGUA","","1","0","","","","MANUAL","uploads/img_20260911170342.jpg","2026-09-11 18:03:42","2026-09-11 18:03:42"
"124916","M-20260910224713-277","SEDAPAL","Lima y Callao","IMPREVISTA","MANUAL","VILLA EL SALVADOR","Afectación por tercero","Cercado","2026-09-10 21:51:00","2026-09-11 03:00:00","Sectores 311, 317, 330 y 305","","AGUA","","1","0","","","","MANUAL","uploads/img_20260910224713.jpg","2026-09-10 23:47:13","2026-09-10 23:47:13"
"124919","M-20260910224723-244","SEDAPAL","Lima y Callao","PROGRAMADA","MANUAL","LURIGANCHO","Desmontaje de bomba por baja producción","A.H. Huampaní Alto","2026-09-10 17:00:00","2026-09-10 23:55:00","Sector 140","","AGUA","","1","0","","","","MANUAL","uploads/img_20260910224723.jpg","2026-09-10 23:47:23","2026-09-10 23:47:23"
"124914","M-20260910153809-625","SEDAPAL","Lima y Callao","PROGRAMADA","MANUAL","SAN MARTÍN DE PORRES","Trabajos de mantenimiento en las redes","Urb. Naranjal","2026-09-10 14:47:00","2026-09-10 18:00:00","Sector 82","","AGUA","","1","0","","","","MANUAL","uploads/img_20260910153809.jpg","2026-09-10 16:38:09","2026-09-10 16:38:09"
"124913","M-20260910152707-455","SEDAPAL","Lima y Callao","IMPREVISTA","MANUAL","BREÑA","Reparación de rotura de tubería","Urb. Azcona; Urb. Las Esmeraldas; Urb.. 28 de julio; Urb. El Paulino; Urb. Proveedores Unidos; Urb. San Gregorio.","2026-09-10 14:32:00","2026-09-10 23:00:00","Sector 16","","AGUA","","1","0","","","","MANUAL","uploads/img_20260910152707.jpg","2026-09-10 16:27:07","2026-09-10 16:27:07"
"124851","M-20260908094317-327","SEDAPAL","Lima y Callao","PROGRAMADA","MANUAL","ATE","Limpieza de reservorio","Asoc. Casuarinas de San Juan I, II y III etapa; Asoc. Los Ángeles de Gloria Baja; Asoc. Casa Grande de Gloria Baja; Asoc. California de Gloria Baja; Asoc. Estrella Andina de Gloria Baja I y II etapa; Asoc. Las Gardenias de San Juan; Asoc. El Paraíso de La Gloria de Ate; Asoc. Filadelfia de Ate; Asoc. Santa Rosa de Ate Santa Clara; Asoc. San Juan; Asoc. Sol de Las Viñas de Ate I, II, III, IV y V etapa; Asoc. Las Viñas de San Juan; Asoc. Pacayal de San Juan; Asoc. Residencial Primavera; Asoc. Las Casuarinas; C.P. San Juan","2026-09-10 13:00:00","2026-09-10 23:50:00","Sector 178","","AGUA","","1","0","","","","MANUAL","uploads/img_20260908094317.jpg","2026-09-08 10:43:17","2026-09-08 10:43:17"
"124900","M-20260910151113-996","SEDAPAL","Lima y Callao","IMPREVISTA","MANUAL","MIRAFLORES","Rotura de tubería matriz","Urb. San Antonio; Cuadrante: Av. Casimiro Ulloa, Av. Benavides, Av. Paseo de la República, Av. Ricardo Palma","2026-09-10 12:45:00","2026-09-10 19:00:00","Sector 57","","AGUA","","1","0","","","","MANUAL","uploads/img_20260910151113.jpg","2026-09-10 16:11:14","2026-09-10 16:11:14"
"124918","M-20260910224719-363","SEDAPAL","Lima y Callao","IMPREVISTA","MANUAL","MIRAFLORES","Rotura de tubería matriz","Urb. San Antonio; Cuadrante: Av. Casimiro Ulloa, Av. Benavides, Av. Paseo de la República, Av. Ricardo Palma","2026-09-10 12:44:00","2026-09-10 21:00:00","Sector 57","","AGUA","","1","0","","","","MANUAL","uploads/img_20260910224719.jpg","2026-09-10 23:47:19","2026-09-10 23:47:19"
"124917","M-20260910224716-688","SEDAPAL","Lima y Callao","IMPREVISTA","MANUAL","MIRAFLORES","Rotura de tubería matriz","Urb. San Antonio; Cuadrante: Av. Casimiro Ulloa, Av. Benavides, Av. Paseo de la República, Av. Ricardo Palma","2026-09-10 12:44:00","2026-09-10 23:00:00","Sector 57","","AGUA","","1","0","","","","MANUAL","uploads/img_20260910224716.jpg","2026-09-10 23:47:16","2026-09-10 23:47:16"
"124902","M-20260910151128-198","SEDAPAL","Lima y Callao","IMPREVISTA","MANUAL","MIRAFLORES","Rotura de tubería matriz","Urb. San Antonio; Av. Casimiro Ulloa; Av. Benavides; Av. Paseo de la República; Av. Ricardo Palma","2026-09-10 12:44:00","2026-09-10 19:00:00","Sector 57","","AGUA","","1","0","","","","MANUAL","uploads/img_20260910151128.jpg","2026-09-10 16:11:28","2026-09-10 16:11:28"
"124905","M-20260910151138-984","SEDAPAL","Lima y Callao","PROGRAMADA","MANUAL","VENTANILLA","Limpieza de reservorio","Urb. Antonia Moreno de Cáceres sectores I, II y III","2026-09-10 12:00:00","2026-09-10 18:00:00","Sector 273","","AGUA","","1","0","","","","MANUAL","uploads/img_20260910151138.jpg","2026-09-10 16:11:38","2026-09-10 16:11:38"
"124901","M-20260910151120-194","SEDAPAL","Lima y Callao","PROGRAMADA","MANUAL","LURIGANCHO","Mantenimiento de equipo de bombeo","Urb. Los Girasoles de Huampaní","2026-09-10 11:01:00","2026-09-10 17:00:00","Sector 140","","AGUA","","1","0","","","","MANUAL","uploads/img_20260910151120.jpg","2026-09-10 16:11:20","2026-09-10 16:11:20"
"124903","M-20260910151131-862","SEDAPAL","Lima y Callao","PROGRAMADA","MANUAL","LA PERLA","Empalme de tubería","Urb. Benjamín Doig Lossio; Urb. La Estancia; Urb. Sima; Urb. Empleados Municipales","2026-09-10 10:26:00","2026-09-10 15:00:00","Sector 105","","AGUA","","1","0","","","","MANUAL","uploads/img_20260910151131.jpg","2026-09-10 16:11:31","2026-09-10 16:11:31"
"124904","M-20260910151134-287","SEDAPAL","Lima y Callao","IMPREVISTA","MANUAL","COMAS","Rotura de tubería matriz","P.J. El Carmen; A.H. Dios es Amor; A.H. Nuevo San José; P.J. Señor de los Milagros","2026-09-10 10:06:00","2026-09-10 15:00:00","Sector 343","","AGUA","","1","0","","","","MANUAL","uploads/img_20260910151134.jpg","2026-09-10 16:11:34","2026-09-10 16:11:34"
"124853","M-20260908094332-338","SEDAPAL","Lima y Callao","PROGRAMADA","MANUAL","LIMA CERCADO","Implementación de cámara purga de aire en tubería de agua","Urb. Los Cipreses; Urb. Elio 2da, 3ra y 4ta etapa; Cuadrante: Av. Aurelio García y García, Av. Elvira García y García, Av. Víctor Sarria, Av. Saavedra Piñón, Av. Roberto Thorndike, Av. Venezuela y todas las calles interiores a este cuadrante","2026-09-10 10:00:00","2026-09-10 22:00:00","Sector 34","","AGUA","","1","0","","","","MANUAL","uploads/img_20260908094332.jpg","2026-09-08 10:43:32","2026-09-08 10:43:32"
"124852","M-20260908094321-743","SEDAPAL","Lima y Callao","PROGRAMADA","MANUAL","LIMA CERCADO","Trabajos de mantenimiento en las redes","Urb. Elio 3ra etapa; Cuadrante: Av. Aurelio García y García, Av. Elvira García y García, Av. Víctor Sarria, Av. Saavedra Piñón, Av. Roberto Thorndike.","2026-09-10 10:00:00","2026-09-10 22:00:00","Sector 34","","AGUA","","1","0","","","","MANUAL","uploads/img_20260908094321.jpg","2026-09-08 10:43:21","2026-09-08 10:43:21"
"124845","M-20260908070248-176","SEDAPAL","Lima y Callao","PROGRAMADA","MANUAL","LIMA CERCADO","Mantenimiento de redes secundarias","Urb. Los Cipreses; Urb. Elio 2da, 3ra y 4ta etapa; Cuadrante: Av. Aurelio García y García, Av. Elvira García y García, Av. Víctor Sarria, Av. Saavedra Piñón, Av. Roberto Thorndike, Av. Venezuela","2026-09-10 10:00:00","2026-09-10 22:00:00","Sector 34","","AGUA","","1","0","","","","MANUAL","uploads/img_20260908070248.jpg","2026-09-08 08:02:48","2026-09-08 08:02:48"
"124846","M-20260908070315-770","SEDAPAL","Lima y Callao","PROGRAMADA","MANUAL","SAN JUAN DE LURIGANCHO","Limpieza de reservorio","Ampliac. El Paraíso; A.H. Nuevo Miguel Grau; A.H. Nueva Juventud Miguel Grau; A.H 1 de Marzo; A.H. Proy. Integ. Confraternidad; SCTR Los Ángeles II; A.H. Mano de Dios; Agru. Reubicados de Santa Rosita; AF Santa Rosita II etapa","2026-09-10 09:00:00","2026-09-10 20:00:00","Sector 413","","AGUA","","1","0","","","","MANUAL","uploads/img_20260908070315.jpg","2026-09-08 08:03:15","2026-09-08 08:03:15"
"124847","M-20260908070329-363","SEDAPAL","Lima y Callao","PROGRAMADA","MANUAL","ATE","Limpieza de reservorio","Asoc Fortaleza; Asoc. Zavaleta; Urb. Sol de Vitarte sector G; Urb. Zavaleta; Urb. Alameda 2da etapa","2026-09-10 08:00:00","2026-09-10 20:00:00","Sector 173","","AGUA","","1","0","","","","MANUAL","uploads/img_20260908070329.jpg","2026-09-08 08:03:29","2026-09-08 08:03:29"
"124892","M-20260910081423-145","SEDAPAL","Lima y Callao","IMPREVISTA","MANUAL","CHORRILLOS","Baja presión en las redes","A.H. 26 de Setiembre","2026-09-10 06:26:00","2026-09-10 11:00:00","Sector 97","","AGUA","","1","0","","","","MANUAL","uploads/img_20260910081423.jpg","2026-09-10 09:14:23","2026-09-10 09:14:23"
"124896","M-20260910081503-231","SEDAPAL","Lima y Callao","IMPREVISTA","MANUAL","VILLA MARÍA DEL TRIUNFO","Baja presión en las redes","P.J. Inca Pachacútec Sector Micaela Bastidas; Urb. Jardín 2da y 3ra etapa; P.J. Solidaridad; A.H. Jardín; P.J. Micaela Bastidas","2026-09-10 06:03:00","2026-09-10 14:00:00","Sector 305","","AGUA","","1","0","","","","MANUAL","uploads/img_20260910081503.jpg","2026-09-10 09:15:03","2026-09-10 09:15:03"
"124500","756471","SEDAPAL","Lima y Callao","PROGRAMADA","TRABAJANDO","LIMA (CERCADO)","TRABAJOS DE MANTENIMIENTO EN LAS REDES","URBANIZACION-URB CIPRESES, LOS; URBANIZACION-URB ELIO 2DA ET.; URBANIZACION-URB ELIO 3RA ET.; URBANIZACION-URB ELIO 4TA ET.","2026-09-10 06:00:00","2026-09-10 22:00:00","BUENOS DIAS, ESTIMADOS CLIENTES, SEDAPAL LES COMUNICA, QUE, DEBIDO A TRABAJOS DE MEJORAMIENTO DEL SERVICIO, SE HA PROGRAMADO LA EJECUCION DE IMPLEMENTACION DE UNA CAMARA DE PURGA DE AIRE EN LA TUBERIA DE RED SECUNDARIA DE AGUA POTABLE, POR LO QUE SE REQUIERE DE LA RESTRICCION DEL SERVICIO DE AGUA POTABLE QUE AFECTARA A SU PREDIO, EL DIA 10/09/2026, DESDE LAS 10:00 A 22:00 HORAS APROXIMADAMENTE, PEDIMOS DISCULPAS Y AGRADECEMOS SU COMPRENSION POR LAS MOLESTIAS CAUSADAS.","INCIDENCIA PROGRAMADA","AGUA","11","1","0","CDA-1207017","3","GIO24206","GIS","","2026-09-02 10:09:16","2026-09-02 10:59:46"
"124897","M-20260910081512-409","SEDAPAL","Lima y Callao","IMPREVISTA","MANUAL","VILLA EL SALVADOR","Baja presión en las redes","Cercado","2026-09-10 05:39:00","2026-09-10 14:30:00","Sector 317","","AGUA","","1","0","","","","MANUAL","uploads/img_20260910081512.jpg","2026-09-10 09:15:12","2026-09-10 09:15:12"
"124898","M-20260910081516-996","SEDAPAL","Lima y Callao","IMPREVISTA","MANUAL","VILLA MARÍA DEL TRIUNFO","Baja presión en las redes","P.J. Nueva Esperanza","2026-09-10 05:33:00","2026-09-10 14:15:00","Sector 330","","AGUA","","1","0","","","","MANUAL","uploads/img_20260910081516.jpg","2026-09-10 09:15:16","2026-09-10 09:15:16"
"124899","M-20260910081525-402","SEDAPAL","Lima y Callao","IMPREVISTA","MANUAL","VILLA MARÍA DEL TRIUNFO","Baja presión en las redes","Cercado","2026-09-10 05:25:00","2026-09-10 14:00:00","Sector 311","","AGUA","","1","0","","","","MANUAL","uploads/img_20260910081525.jpg","2026-09-10 09:15:25","2026-09-10 09:15:25"
"124895","M-20260910081452-840","SEDAPAL","Lima y Callao","IMPREVISTA","MANUAL","LURIGANCHO","Falla en la línea de impulsión","Urb. Los Girasoles","2026-09-10 05:00:00","2026-09-10 11:00:00","Sector 140","","AGUA","","1","0","","","","MANUAL","uploads/img_20260910081452.jpg","2026-09-10 09:14:52","2026-09-10 09:14:52"
"124891","M-20260910073643-748","SEDAPAL","Lima y Callao","IMPREVISTA","MANUAL","VILLA MARÍA DEL TRIUNFO","Baja presión en las redes","P.J. Hogar Policial","2026-09-10 05:00:00","2026-09-10 14:00:00","Sector 311","","AGUA","","1","0","","","","MANUAL","uploads/img_20260910073643.jpg","2026-09-10 08:36:43","2026-09-10 08:36:43"
"124844","M-20260908060218-243","SEDAPAL","Lima y Callao","PROGRAMADA","MANUAL","SANTIAGO DE SURCO","Limpieza y desinfección de reservorio","Urb. Las Laderas; Urb. Valle Hermoso Oeste; Urb. Las Casuarinas 1ra, 2da y 3ra etapa","2026-09-10 05:00:00","2026-09-10 21:00:00","Sector 299","","AGUA","","1","0","","","","MANUAL","uploads/img_20260908060218.jpg","2026-09-08 07:02:18","2026-09-08 07:02:18"
"124908","M-20260910151245-158","SEDAPAL","Lima y Callao","IMPREVISTA","MANUAL","VILLA EL SALVADOR","Baja presión en las redes","Cercado","2026-09-09 23:21:00","2026-09-10 04:00:00","Sector 317","","AGUA","","1","0","","","","MANUAL","uploads/img_20260910151245.jpg","2026-09-10 16:12:45","2026-09-10 16:12:45"
"124888","M-20260910073619-894","SEDAPAL","Lima y Callao","IMPREVISTA","MANUAL","VILLA EL SALVADOR","Baja presión en las redes","Cercado","2026-09-09 23:21:00","2026-09-10 04:30:00","Sector 317","","AGUA","","1","0","","","","MANUAL","uploads/img_20260910073619.jpg","2026-09-10 08:36:19","2026-09-10 08:36:19"
"124909","M-20260910151247-446","SEDAPAL","Lima y Callao","IMPREVISTA","MANUAL","VILLA MARÍA DEL TRIUNFO","Baja presión en las redes","P.J. Nueva Esperanza","2026-09-09 22:57:00","2026-09-10 04:00:00","Sector 330","","AGUA","","1","0","","","","MANUAL","uploads/img_20260910151247.jpg","2026-09-10 16:12:47","2026-09-10 16:12:47"
"124889","M-20260910073623-883","SEDAPAL","Lima y Callao","IMPREVISTA","MANUAL","VILLA MARÍA DEL TRIUNFO","Baja presión en las redes","P.J. Nueva Esperanza","2026-09-09 22:57:00","2026-09-10 04:30:00","Sector 330","","AGUA","","1","0","","","","MANUAL","uploads/img_20260910073623.jpg","2026-09-10 08:36:23","2026-09-10 08:36:23"
"124911","M-20260910151254-878","SEDAPAL","Lima y Callao","IMPREVISTA","MANUAL","VILLA MARÍA DEL TRIUNFO","Baja presión en las redes","P.J. José C. Mariátegui Sector San Gabriel Bajo","2026-09-09 22:41:00","2026-09-10 04:00:00","Sector 311","","AGUA","","1","0","","","","MANUAL","uploads/img_20260910151254.jpg","2026-09-10 16:12:54","2026-09-10 16:12:54"
"124890","M-20260910073627-139","SEDAPAL","Lima y Callao","IMPREVISTA","MANUAL","VILLA MARÍA DEL TRIUNFO","Baja presión en las redes","P.J. José C. Mariátegui Sector San Gabriel Bajo","2026-09-09 22:41:00","2026-09-10 04:30:00","Sector 311","","AGUA","","1","0","","","","MANUAL","uploads/img_20260910073627.jpg","2026-09-10 08:36:27","2026-09-10 08:36:27"
"124912","M-20260910151258-229","SEDAPAL","Lima y Callao","IMPREVISTA","MANUAL","LIMA CERCADO","Reparación de rotura de tubería","P.J. Los Ángeles; P.J. Mirones Bajo; P.J. Ricardo Palma; Cuadrante: Av. Morales Duárez, Av. Universitaria, Av. Enrique Meiggs, Calle Cecilia Túpac","2026-09-09 18:20:00","2026-09-10 04:00:00","Sector 33","","AGUA","","1","0","","","","MANUAL","uploads/img_20260910151258.jpg","2026-09-10 16:12:58","2026-09-10 16:12:58"
"124906","M-20260910151238-777","SEDAPAL","Lima y Callao","IMPREVISTA","MANUAL","ATE","Reparación en la toma","A.H. Huaycán zona C","2026-09-09 15:35:00","2026-09-09 23:55:00","Sector 153","","AGUA","","1","0","","","","MANUAL","uploads/img_20260910151238.jpg","2026-09-10 16:12:38","2026-09-10 16:12:38"
"124887","M-20260910060348-713","SEDAPAL","Lima y Callao","IMPREVISTA","MANUAL","ATE","Reparación en la toma","A.H. Huaycán zona C","2026-09-09 15:35:00","2026-09-09 23:58:00","Sector 153","","AGUA","","1","0","","","","MANUAL","uploads/img_20260910060348.jpg","2026-09-10 07:03:48","2026-09-10 07:03:48"
"124884","M-20260909194610-598","SEDAPAL","Lima y Callao","PROGRAMADA","MANUAL","BELLAVISTA","Empalme de tubería","Urb. Stella Maris","2026-09-09 15:20:00","2026-09-09 22:00:00","Sector 105","","AGUA","","1","0","","","","MANUAL","uploads/img_20260909194610.jpg","2026-09-09 20:46:10","2026-09-09 20:46:10"
"124886","M-20260909195725-839","SEDAPAL","Lima y Callao","IMPREVISTA","MANUAL","LURÍN","Fuga en toma de conexión","A.H. San José","2026-09-09 15:00:00","2026-09-09 23:00:00","Sector 450","","AGUA","","1","0","","","","MANUAL","uploads/img_20260909195725.jpg","2026-09-09 20:57:25","2026-09-09 20:57:25"
"124882","M-20260909193021-826","SEDAPAL","Lima y Callao","IMPREVISTA","MANUAL","SAN MARTÍN DE PORRES","Rotura de tubería matriz","Asoc. Villa El Amauta; Cuadrante: Av. Los Alisos, Av. Canta Callao, Av. Carlos Izaguirre","2026-09-09 14:30:00","2026-09-09 20:00:00","Sector 212","","AGUA","","1","0","","","","MANUAL","uploads/img_20260909193021.jpg","2026-09-09 20:30:21","2026-09-09 20:30:21"
"124885","M-20260909194613-288","SEDAPAL","Lima y Callao","IMPREVISTA","MANUAL","VILLA EL SALVADOR","Fuga en toma de conexión","Urb. Pachacámac 2da etapa sector 4","2026-09-09 14:20:00","2026-09-09 23:20:00","Sector 328","","AGUA","","1","0","","","","MANUAL","uploads/img_20260909194613.jpg","2026-09-09 20:46:13","2026-09-09 20:46:13"
